chunk_id,source_file,chunk_index,char_count,preview
chunk_00001,01_중대재해_처벌_등에_관한_법률.txt,1,1500,===== PAGE 1 ===== 법제처                                                            1                                     
chunk_00002,01_중대재해_처벌_등에_관한_법률.txt,2,1499,제2조에 따른 소상공인의 사업 또는 사업장 및 이에 준하는 비영 리시설과 「교육시설 등의 안전 및 유지관리 등에 관한 법률」 제2조제1호에 따른 교육시설은 제외한다. 가. 「실내공기질 관리법」 제3조제1항의 시설(「
chunk_00003,01_중대재해_처벌_등에_관한_법률.txt,3,1464,"전보건에 관한 업무를 담당하 는 사람 나. 중앙행정기관의 장, 지방자치단체의 장, 「지방공기업법」에 따른 지방공기업의 장, 「공공기관의 운영에 관한 법률」 제4조부터 제6조까지의 규정에 따라 지정된 공공기관의 장 제"
chunk_00004,01_중대재해_처벌_등에_관한_법률.txt,4,1500,"자를 벌하는 외에 그 법인 또는 기관에 다음 각 호의 구분에 따른 벌금형을 과(科)한다. 다만, 법인 또는 기관이 그 위반행위를 방지하기 위하여 해당 업무에 관하여 상당한 주의와 감독을 게을리하지 아니 한 경우에는 "
chunk_00005,01_중대재해_처벌_등에_관한_법률.txt,5,1498,"조치 ③ 사업주 또는 경영책임자등은 사업주나 법인 또는 기관이 공중이용시설 또는 공중교통수단과 관련하여 제3자에 게 도급, 용역, 위탁 등을 행한 경우에는 그 이용자 또는 그 밖의 사람의 생명, 신체의 안전을 위하여"
chunk_00006,01_중대재해_처벌_등에_관한_법률.txt,6,1500,"조의2에 따라 피해자 또는 그 법정대리인(피해자가 사망하거나 진술할 수 없는 경우에는 그 배우자ㆍ직계친족ㆍ형제자매를 포함한다)을 증인으로 신문할 수 있다. ② 이 법 위반 여부에 관한 형사재판에서 법원은 검사, 피고"
chunk_00007,01_중대재해_처벌_등에_관한_법률.txt,7,389,미만인 사업 또는 사업장(건설업의 경우에는 공사금액 50억원 미만의 공사)에 대해서는 공포 후 3년이 경 과한 날부터 시행한다. ===== PAGE 5 ===== 법제처                          
chunk_00008,02_중대재해처벌법_시행령.txt,1,1500,===== PAGE 1 ===== 법제처                                                            1                                     
chunk_00009,02_중대재해처벌법_시행령.txt,2,1500,도터널(특별시 및 광역시 외의 지역 에 있는 철도터널로 한정한다) 마. 다음의 시설 중 개별 사업장 면적이 2천제곱미터 이상인 시설 1) 「석유 및 석유대체연료 사업법 시행령」 제2조제3호의 주유소 2) 「액화석유가
chunk_00010,02_중대재해처벌법_시행령.txt,3,1469,"다. 그 밖에 안전보건관리체계 구축 등을 위해 필요한 사항으로서 고용노동부장관이 정하여 고시하는 사항 5. 「산업안전보건법」 제15조, 제16조 및 제62조에 따른 안전보건관리책임자, 관리감독자 및 안전보건총괄책임자"
chunk_00011,02_중대재해처벌법_시행령.txt,4,1499,"다. 건설업 및 조선업의 경우 도급, 용역, 위탁 등을 받는 자의 안전ㆍ보건을 위한 공사기간 또는 건조기간에 관한 기준 제5조(안전ㆍ보건 관계 법령에 따른 의무이행에 필요한 관리상의 조치) ① 법 제4조제1항제4호에"
chunk_00012,02_중대재해처벌법_시행령.txt,5,1500,한 법인 또는 기관을 대상으로 안전보건교육을 이수해야 할 교 육대상자를 확정하고 안전보건교육 실시일 30일 전까지 다음 각 호의 사항을 해당 교육대상자에게 통보해야 한다. 1. 안전보건교육을 실시하는 안전보건교육기관
chunk_00013,02_중대재해처벌법_시행령.txt,6,1500,확보ㆍ유지 나. 유해ㆍ위험요인의 점검과 위험징후 발생 시 대응 다. 그 밖에 원료ㆍ제조물 관련 안전ㆍ보건 관리를 위해 기후에너지환경부장관이 정하여 고시하는 사항 3. 별표 5에서 정하는 원료 또는 제조물로 인한 중대
chunk_00014,02_중대재해처벌법_시행령.txt,7,1500,치의 구체적인 사항은 다음 각 호와 같다. 1. 다음 각 목의 사항을 이행하는 데 필요한 인력을 갖추어 중대시민재해 예방을 위한 업무를 수행하도록 할 것 가. 법 제9조제2항제4호의 안전ㆍ보건 관계 법령에 따른 안전
chunk_00015,02_중대재해처벌법_시행령.txt,8,1499,"인력을 배치하거나 예산을 추가로 편성ㆍ집행하도록 하는 등 중대시 민재해 예방에 필요한 조치를 할 것 7. 중대시민재해 예방을 위해 다음 각 목의 사항이 포함된 업무처리절차를 마련하여 이행할 것. 다만, 철도운영자가 "
chunk_00016,02_중대재해처벌법_시행령.txt,9,1499,"정한 기관 등에 위탁하여 점검하는 경우를 포함한다. 이하 이 호에서 같다)하고, 직접 점검하지 않은 경우에는 점검이 끝난 후 지체 없이 점검 결과를 보고받을 것 ===== PAGE 6 ===== 법제처        "
chunk_00017,02_중대재해처벌법_시행령.txt,10,342,"은 제4조, 제5조 및 제8조부터 제11조까지의 규정에 따른 조치 등의 이행에 관한 사항을 서면(「전자문 서 및 전자거래 기본법」 제2조제1호에 따른 전자문서를 포함한다)으로 작성하여 그 조치 등을 이행한 날부터 5"
chunk_00018,03_산업안전보건법.txt,1,1500,===== PAGE 1 ===== 법제처                                                            1                                     
chunk_00019,03_산업안전보건법.txt,2,1499,"과반수로 조직된 노동조합이 있는 경우에는 그 노동조합을, 근로자의 과반수로 조직된 노동조합이 없는 경우에는 근로자의 과반수를 대표하는 자를 말한다. 6. “도급”이란 명칭에 관계없이 물건의 제조ㆍ건설ㆍ수리 또는 서비"
chunk_00020,03_산업안전보건법.txt,3,1443,"건 정책의 수립 및 집행 2. 산업재해 예방 지원 및 지도 3. 「근로기준법」 제76조의2에 따른 직장 내 괴롭힘 예방을 위한 조치기준 마련, 지도 및 지원 4. 사업주의 자율적인 산업 안전 및 보건 경영체제 확립을"
chunk_00021,03_산업안전보건법.txt,4,1500,"또는 건설을 할 때 이 법과 이 법에 따른 명령 으로 정하는 기준을 지켜야 하고, 발주ㆍ설계ㆍ제조ㆍ수입 또는 건설에 사용되는 물건으로 인하여 발생하는 산업재 해를 방지하기 위하여 필요한 조치를 하여야 한다. 1. 기"
chunk_00022,03_산업안전보건법.txt,5,1500,"④ 고용노동부장관은 산업재해 예방을 위하여 필요하다고 인정할 때에는 사업주, 사업주단체, 그 밖의 관계인에게 필요한 사항을 권고하거나 협조를 요청할 수 있다. ⑤ 고용노동부장관은 산업재해 예방을 위하여 중앙행정기관의"
chunk_00023,03_산업안전보건법.txt,6,1494,"국가법령정보센터 산업안전보건법 ④ 제1항 및 제2항에 따른 공표의 절차 및 방법, 그 밖에 필요한 사항은 고용노동부령으로 정한다. 제10조의2(안전보건 현황 공시) ① 대통령령으로 정하는 수 이상의 근로자를 사용하는"
chunk_00024,03_산업안전보건법.txt,7,1499,제1절 안전보건관리체제 제14조(이사회 보고 및 승인 등) ① 「상법」 제170조에 따른 주식회사 중 대통령령으로 정하는 회사의 대표이사는 대통 령령으로 정하는 바에 따라 매년 회사의 안전 및 보건에 관한 계획을 수
chunk_00025,03_산업안전보건법.txt,8,1499,제15조제1항 각 호의 사항 중 안전에 관한 기술적인 사항에 관하여 사업주 또는 안전보건관리책임자를 보좌하고 관리감독자에게 지도ㆍ조언하는 업무를 수행하는 사람(이하 “안전관리자”라 한다)을 두어야 한다. ② 안전관리
chunk_00026,03_산업안전보건법.txt,9,1499,사업주는 제21조에 따라 지 정받은 보건관리 업무를 전문적으로 수행하는 기관(이하 “보건관리전문기관”이라 한다)에 보건관리자의 업무를 위 탁할 수 있다.<개정 2021. 5. 18.> 제19조(안전보건관리담당자) ①
chunk_00027,03_산업안전보건법.txt,10,1500,하여야 한다. 1. 거짓이나 그 밖의 부정한 방법으로 지정을 받은 경우 2. 업무정지 기간 중에 업무를 수행한 경우 3. 제1항에 따른 지정 요건을 충족하지 못한 경우 4. 지정받은 사항을 위반하여 업무를 수행한 경
chunk_00028,03_산업안전보건법.txt,11,1500,동부령으로 정하는 사정이 있는 경우에는 그러하지 아니하다.<신설 2026. 2. 19.> ④ 사업주는 명예산업안전감독관에 대하여 직무 수행과 관련한 사유로 불리한 처우를 해서는 아니 된다.<개정 2026. 2. 19
chunk_00029,03_산업안전보건법.txt,12,1500,안전보건법 3. 작업장의 안전 및 보건 관리에 관한 사항 4. 사고 조사 및 대책 수립에 관한 사항 5. 그 밖에 안전 및 보건에 관한 사항 ② 제1항에 따른 안전보건관리규정(이하 “안전보건관리규정”이라 한다)은 단
chunk_00030,03_산업안전보건법.txt,13,1499,등 고용노동부령으로 정하는 교육을 이수한 경우 3. 관리감독자가 산업 안전 및 보건 업무의 전문성 제고를 위한 교육 등 고용노동부령으로 정하는 교육을 이수한 경 우 ② 사업주는 제29조제2항 또는 제3항에도 불구하고
chunk_00031,03_산업안전보건법.txt,14,1499,정하는 인력 ㆍ시설 및 장비 등의 요건을 갖추어 고용노동부장관에게 등록하여야 한다. 등록한 사항 중 대통령령으로 정하는 중 요한 사항을 변경할 때에도 또한 같다. ② 고용노동부장관은 제1항에 따라 등록한 자(이하 “
chunk_00032,03_산업안전보건법.txt,15,1500,다. <개정 2026. 2. 19.> ② 사업주는 위험성평가 시 고용노동부령으로 정하는 바에 따라 위험성평가에 해당 사업장의 근로자를 참여시켜야 한다.<개정 2026. 2. 19.> ③ 사업주는 근로자대표가 요구하면
chunk_00033,03_산업안전보건법.txt,16,1500,여 필요한 조치를 하여야 한다. 1. 근로자가 추락할 위험이 있는 장소 2. 토사ㆍ구축물 등이 붕괴할 우려가 있는 장소 3. 물체가 떨어지거나 날아올 위험이 있는 장소 4. 천재지변으로 인한 위험이 발생할 우려가 있
chunk_00034,03_산업안전보건법.txt,17,1495,에 따라 필요한 조치를 하여야 한다. <개정 2021. 4. 13.> ② 사업주는 업무와 관련하여 고객 등 제3자의 폭언등으로 근로자에게 건강장해가 발생하거나 발생할 현저한 우려 가 있는 경우에는 업무의 일시적 중단
chunk_00035,03_산업안전보건법.txt,18,1499,경우에는 해당 작업 또는 건설공사를 중지하거나 유해위험방지계획서를 변경할 것을 명할 수 있다. ⑤ 제1항에 따른 사업주는 같은 항 각 호 외의 부분 단서에 따라 스스로 심사하거나 제4항에 따라 고용노동부장관 이 심사
chunk_00036,03_산업안전보건법.txt,19,1500,아야 한다. 이 경우 공정안전보고서의 내용이 중대산업사고를 예방하기 위하여 적합하다고 통보받기 전에는 관련된 유해하거나 위험한 설비를 가동해서는 아니 된다. ② 사업주는 제1항에 따라 공정안전보고서를 작성할 때 산업
chunk_00037,03_산업안전보건법.txt,20,1500,"건진단기관 에 안전보건진단을 의뢰하여야 한다. ③ 사업주는 안전보건진단기관이 제2항에 따라 실시하는 안전보건진단에 적극 협조하여야 하며, 정당한 사유 없이 이를 거부하거나 방해 또는 기피해서는 아니 된다. 이 경우 "
chunk_00038,03_산업안전보건법.txt,21,1499,의 경우에는 근로자대표의 의견을 들어야 한다. 제50조(안전보건개선계획서의 제출 등) ① 제49조제1항에 따라 안전보건개선계획의 수립ㆍ시행 명령을 받은 사업주는 고용노동부령으로 정하는 바에 따라 안전보건개선계획서를 
chunk_00039,03_산업안전보건법.txt,22,1500,조치”라 한다)를 명할 수 있다. ② 제1항에 따라 시정조치 명령을 받은 사업주는 해당 기계ㆍ설비등에 대하여 시정조치를 완료할 때까지 시정조치 명령 사항을 사업장 내에 근로자가 쉽게 볼 수 있는 장소에 게시하여야 한
chunk_00040,03_산업안전보건법.txt,23,1498,밖에 필요한 사항은 고용노동부 령으로 정한다. 제56조(중대재해등의 원인조사 등) ① 고용노동부장관은 다음 각 호의 어느 하나에 해당하는 산업재해(이하 “중대재해 등”이라 한다)가 발생하였을 때에는 그 원인 규명 또
chunk_00041,03_산업안전보건법.txt,24,1500,"는 공소 제기 여부와 관계없이 공개할 수 있다. ③ 제2항에 따라 재해조사보고서를 공개하는 경우 「공공기관의 정보공개에 관한 법률」 제9조제1항제2호, 제6호 또 는 제7호에 해당하는 사항은 공개 대상에서 제외할 수"
chunk_00042,03_산업안전보건법.txt,25,1500,가 유효기간의 연장을 신청하면 승인의 유 효기간이 만료되는 날의 다음 날부터 3년의 범위에서 고용노동부령으로 정하는 바에 따라 그 기간의 연장을 승인할 수 있다. 이 경우 사업주는 제3항에 따른 안전 및 보건에 관한
chunk_00043,03_산업안전보건법.txt,26,1499,"사업장의 상시근로자 수, 안전보건총괄책 임자의 직무ㆍ권한, 그 밖에 필요한 사항은 대통령령으로 정한다. 제63조(도급인의 안전조치 및 보건조치) 도급인은 관계수급인 근로자가 도급인의 사업장에서 작업을 하는 경우에 자"
chunk_00044,03_산업안전보건법.txt,27,1500,관한 정보 제공 등) ① 다음 각 호의 작업을 도급하는 자는 그 작업을 수행하는 수급인 근로자의 산업재해를 예방하기 위하여 고용노동부령으로 정하는 바에 따라 해당 작업 시작 전에 수급인에게 안전 및 보건에 관한 정보
chunk_00045,03_산업안전보건법.txt,28,1467,국가법령정보센터 산업안전보건법 1. 건설공사 계획단계: 해당 건설공사에서 중점적으로 관리하여야 할 유해ㆍ위험요인과 이의 감소방안을 포함한 기 본안전보건대장을 작성할 것 2. 건설공사 설계단계: 제1호에 따른 기본안전
chunk_00046,03_산업안전보건법.txt,29,1500,"연장하여야 한다. 1. 태풍ㆍ홍수 등 악천후, 전쟁ㆍ사변, 지진, 화재, 전염병, 폭동, 그 밖에 계약 당사자가 통제할 수 없는 사태의 발생 등 불가항력의 사유가 있는 경우 2. 건설공사발주자에게 책임이 있는 사유로"
chunk_00047,03_산업안전보건법.txt,30,1499,필요한 사항은 고용노동부령으로 정 한다. 이 경우 미리 국토교통부장관과 협의하여야 한다. 제72조(건설공사 등의 산업안전보건관리비 계상 등) ① 건설공사발주자가 도급계약을 체결하거나 건설공사의 시공을 주도하여 총괄ㆍ
chunk_00048,03_산업안전보건법.txt,31,1500,"전문지도기관의 지정 절차, 그 밖에 필요한 사항은 대통령령으로 정한다. ③ 고용노동부장관은 건설재해예방전문지도기관에 대하여 평가하고 그 결과를 공개할 수 있다. 이 경우 평가의 기 준ㆍ방법, 결과의 공개에 필요한 사"
chunk_00049,03_산업안전보건법.txt,32,1500,에서의 산업재해 예방 제77조(특수형태근로종사자에 대한 안전조치 및 보건조치 등) ① 계약의 형식에 관계없이 근로자와 유사하게 노무를 제공하여 업무상의 재해로부터 보호할 필요가 있음에도 「근로기준법」 등이 적용되지 
chunk_00050,03_산업안전보건법.txt,33,1500,산업안전보건법 제6장 유해ㆍ위험 기계 등에 대한 조치 제1절 유해하거나 위험한 기계 등에 대한 방호조치 등 제80조(유해하거나 위험한 기계ㆍ기구에 대한 방호조치) ① 누구든지 동력(動力)으로 작동하는 기계ㆍ기구로서 
chunk_00051,03_산업안전보건법.txt,34,1500,"은 유해ㆍ위험기계등의 종류별, 규격 및 형식별로 정할 수 있다. 제84조(안전인증) ① 유해ㆍ위험기계등 중 근로자의 안전 및 보건에 위해(危害)를 미칠 수 있다고 인정되어 대통령령으 로 정하는 것(이하 “안전인증대상"
chunk_00052,03_산업안전보건법.txt,35,1499,"수 있다. ⑦ 안전인증의 신청 방법ㆍ절차, 제4항에 따른 확인의 방법ㆍ절차, 그 밖에 필요한 사항은 고용노동부령으로 정한 다. 제85조(안전인증의 표시 등) ① 안전인증을 받은 자는 안전인증을 받은 유해ㆍ위험기계등이"
chunk_00053,03_산업안전보건법.txt,36,1500,대여하는 자에게 고용노동부령 으로 정하는 바에 따라 그 안전인증대상기계등을 수거하거나 파기할 것을 명할 수 있다. ===== PAGE 23 ===== 법제처                                 
chunk_00054,03_산업안전보건법.txt,37,1500,"를 보존하여야 한다. ④ 제1항 각 호 외의 부분 본문에 따른 신고의 방법 및 절차, 그 밖에 필요한 사항은 고용노동부령으로 정한다. 제90조(자율안전확인의 표시 등) ① 제89조제1항 각 호 외의 부분 본문에 따라"
chunk_00055,03_산업안전보건법.txt,38,1500,고를 하지 아니한 경우(같은 항 각 호 외의 부분 단서에 따라 신고가 면제되는 경우는 제외한다) 2. 거짓이나 그 밖의 부정한 방법으로 제89조제1항 각 호 외의 부분 본문에 따른 신고를 한 경우 3. 자율안전확인대
chunk_00056,03_산업안전보건법.txt,39,1500,지정받으려는 자는 대통령령으로 정하는 인력ㆍ시설 및 장비 등의 요건을 갖추 어 고용노동부장관에게 신청하여야 한다. ③ 고용노동부장관은 제1항에 따라 지정받은 안전검사기관(이하 “안전검사기관”이라 한다)에 대하여 평가
chunk_00057,03_산업안전보건법.txt,40,1499,부장관은 자율검사프로그램의 인정을 받은 자가 다음 각 호의 어느 하나에 해당하는 경우에는 자율검사프로그램의 인정을 취소하거나 인정받은 자율검사프로그램의 내용에 따라 검사를 하도록 하는 등 시정을 명할 수 있다. 다만
chunk_00058,03_산업안전보건법.txt,41,1499,목의 어느 하나에 해당하는 것의 안전성 향상을 위하여 지원이 필요하다고 인정되는 것을 제조하는 자 가. 안전인증대상기계등 나. 자율안전확인대상기계등 다. 그 밖에 산업재해가 많이 발생하는 유해ㆍ위험기계등 2. 작업환
chunk_00059,03_산업안전보건법.txt,42,1499,인자의 분류기준) 고용노동부장관은 고용노동부령으로 정하는 바에 따라 근로자에게 건강장해를 일으키 는 화학물질 및 물리적 인자 등(이하 “유해인자”라 한다)의 유해성ㆍ위험성 분류기준을 마련하여야 한다. 제105조(유해
chunk_00060,03_산업안전보건법.txt,43,1500,"여야 한다. 다만, 다음 각 호의 어느 하나에 해당하는 경우에는 그러하지 아니하다. 1. 일반 소비자의 생활용으로 제공하기 위하여 신규화학물질을 수입하는 경우로서 고용노동부령으로 정하는 경우 2. 신규화학물질의 수입"
chunk_00061,03_산업안전보건법.txt,44,1500,있다. ===== PAGE 28 ===== 법제처                                                            28                               
chunk_00062,03_산업안전보건법.txt,45,1499,한 사항은 고용노동 부령으로 정한다. 제111조(물질안전보건자료의 제공) ① 물질안전보건자료대상물질을 양도하거나 제공하는 자는 이를 양도받거나 제공 받는 자에게 물질안전보건자료를 제공하여야 한다. ② 물질안전보건자료
chunk_00063,03_산업안전보건법.txt,46,1500,효기간이 만료되는 다음 날부터 5년 단위로 그 기간을 계속하여 연장승인할 수 있다. ⑥ 삭제<2023. 8. 8.> ⑦ 삭제<2023. 8. 8.> ⑧ 고용노동부장관은 다음 각 호의 어느 하나에 해당하는 경우에는 제
chunk_00064,03_산업안전보건법.txt,47,1500,우 외부 전문가의 의견을 듣는 데 걸리는 기간은 제2항에 따른 결과 통지기간에 산입(算入)하지 아니한다. [본조신설 2023. 8. 8.] 제113조(국외제조자가 선임한 자에 의한 정보 제출 등) ① 국외제조자는 고
chunk_00065,03_산업안전보건법.txt,48,1500,"전보건자료대상물질 용기 등의 경고표시) ① 물질안전보건자료대상물질을 양도하거나 제공하는 자는 고용노동부령으로 정하는 방법에 따라 이를 담은 용기 및 포장에 경고표시를 하여야 한다. 다만, 용기 및 포장에 담 는 방법"
chunk_00066,03_산업안전보건법.txt,49,1499,허가를 받아야 한다. 허가받은 사항을 변경할 때에도 또한 같다. ===== PAGE 31 ===== 법제처                                                            3
chunk_00067,03_산업안전보건법.txt,50,1500,"여야 한다. 다만, 석면함유 여부가 명백한 경우 등 대통령령으로 정하는 사유에 해당 하여 고용노동부령으로 정하는 절차에 따라 확인을 받은 경우에는 기관석면조사를 생략할 수 있다.<개정 2020. 5. 26.> 1. "
chunk_00068,03_산업안전보건법.txt,51,1483,설 및 장비를 갖추어 고용노동부장관에게 등록하여야 한다. ② 고용노동부장관은 제1항에 따라 등록한 자(이하 “석면해체ㆍ제거업자”라 한다)의 석면해체ㆍ제거작업의 안전성 을 고용노동부령으로 정하는 바에 따라 평가하고 그
chunk_00069,03_산업안전보건법.txt,52,1500,를 고용노동부장관에 게 제출하여야 한다. ② 제1항에 따른 공기 중 석면농도를 측정할 수 있는 자의 자격 및 측정방법에 관한 사항은 고용노동부령으로 정한 다. ③ 건축물ㆍ설비소유주등은 석면해체ㆍ제거작업 완료 후에도 
chunk_00070,03_산업안전보건법.txt,53,1500,면 작업환경측정 결과에 대한 설명회 등을 개최하여야 한다. 이 경우 제3항에 따라 작업환경측정을 위탁하여 실시한 경우에는 작업환경측정기관에 작업환경측정 결과에 대하여 설명하도록 할 수 있다. ⑧ 제1항 및 제2항에 
chunk_00071,03_산업안전보건법.txt,54,1467,국가법령정보센터 산업안전보건법 제128조의2(휴게시설의 설치) ① 사업주는 근로자(관계수급인의 근로자를 포함한다. 이하 이 조에서 같다)가 신체적 피 로와 정신적 스트레스를 해소할 수 있도록 휴식시간에 이용할 수 있
chunk_00072,03_산업안전보건법.txt,55,1500,장해 증상을 보이거나 의학적 소견이 있는 근로자 중 보건관리자 등이 사업주에게 건강진단 실시를 건의하는 등 고용노동부령으로 정하는 근로 자에 대하여 건강진단(이하 “수시건강진단”이라 한다)을 실시하여야 한다. ④ 사
chunk_00073,03_산업안전보건법.txt,56,1499,"는 바에 따라 고용노동부장관에게 제출하여야 한다. 제133조(건강진단에 관한 근로자의 의무) 근로자는 제129조부터 제131조까지의 규정에 따라 사업주가 실시하는 건강 진단을 받아야 한다. 다만, 사업주가 지정한 건"
chunk_00074,03_산업안전보건법.txt,57,1500,"요한 지원을 할 수 있다. ② 제1항에 따른 유해인자별 특수건강진단 전문연구기관의 지정 기준 및 절차, 그 밖에 필요한 사항은 고용노동부 장관이 정하여 고시한다. 제137조(건강관리카드) ① 고용노동부장관은 고용노동"
chunk_00075,03_산업안전보건법.txt,58,1498,지식이나 숙련도가 요구되 는 고용노동부령으로 정하는 작업의 경우 그 작업에 필요한 자격ㆍ면허ㆍ경험 또는 기능을 가진 근로자가 아닌 사 람에게 그 작업을 하게 해서는 아니 된다. ② 고용노동부장관은 제1항에 따른 자격
chunk_00076,03_산업안전보건법.txt,59,1483,1. 공정상의 안전에 관한 평가ㆍ지도 2. 유해ㆍ위험의 방지대책에 관한 평가ㆍ지도 3. 제1호 및 제2호의 사항과 관련된 계획서 및 보고서의 작성 4. 그 밖에 산업안전에 관한 사항으로서 대통령령으로 정하는 사항 ②
chunk_00077,03_산업안전보건법.txt,60,1500,고 이상의 형의 집행유예를 선고받고 그 유예기간 중에 있는 사람 5. 이 법을 위반하여 벌금형을 선고받고 1년이 지나지 아니한 사람 6. 제154조에 따라 등록이 취소(이 항 제1호 또는 제2호에 해당하여 등록이 취
chunk_00078,03_산업안전보건법.txt,61,1500,항에 따른 직무와 관련하여 작성하거나 확인한 서류에 기명ㆍ날인하거나 서명 하여야 한다. 제151조(금지 행위) 지도사는 다음 각 호의 행위를 해서는 아니 된다. 1. 거짓이나 그 밖의 부정한 방법으로 의뢰인에게 법령
chunk_00079,03_산업안전보건법.txt,62,1498,"위반하거나 같은 조 제2항에 따른 기명ㆍ날인 또는 서명을 하지 아니한 경우 8. 제151조, 제153조제1항 또는 제162조를 위반한 경우 제10장 근로감독관 등 제10장 노동감독관 등 <개정 2026. 4. 7.>"
chunk_00080,03_산업안전보건법.txt,63,1499,검사에 필요한 한도에서 무상으로 제품ㆍ원재료 또는 기구를 수거할 수 있다. 이 경우 노동감독관은 해당 사업주 등에게 그 결과를 서면으로 알려야 한다.<개정 2026. 4. 7.> ③ 노동감독관은 이 법 또는 이 법에
chunk_00081,03_산업안전보건법.txt,64,1499,26. 4. 7.> [시행일: 2026. 12. 8.] 제156조 제157조(감독기관에 대한 신고) ① 사업장에서 이 법 또는 이 법에 따른 명령을 위반한 사실이 있으면 근로자는 그 사 실을 고용노동부장관 또는 근로
chunk_00082,03_산업안전보건법.txt,65,1500,조ㆍ지원 대상자가 폐업하거나 파산한 경우 3. 보조ㆍ지원 대상을 임의매각ㆍ훼손ㆍ분실하는 등 지원 목적에 적합하게 유지ㆍ관리ㆍ사용하지 아니한 경우 4. 제1항에 따른 산업재해 예방사업의 목적에 맞게 사용되지 아니한 경
chunk_00083,03_산업안전보건법.txt,66,1499,"장관은 제21조제4항(제74조제4항, 제88조제 5항, 제96조제5항, 제126조제5항 및 제135조제6항에 따라 준용되는 경우를 포함한다)에 따라 업무정지를 명하여야 하는 경우에 그 업무정지가 이용자에게 심한 불편"
chunk_00084,03_산업안전보건법.txt,67,1500,"에 따른 과징금 및 제3항에 따른 가산금을 내지 아니하면 국세 체납처분의 예에 따라 징수한다 . ⑤ 제1항 및 제3항에 따른 과징금 및 가산금의 징수와 제4항에 따른 체납처분 절차, 그 밖에 필요한 사항은 대통령 령"
chunk_00085,03_산업안전보건법.txt,68,1469,43                                                       국가법령정보센터 산업안전보건법 3. 제58조제7항(제59조제2항에 따라 준용되는 경우를 포함한다. 이하 제2항에서
chunk_00086,03_산업안전보건법.txt,69,1499,"한다. ③ 일반석면조사를 한 건축물ㆍ설비소유주등은 그 결과에 관한 서류를 그 건축물이나 설비에 대한 해체ㆍ제거작업 이 종료될 때까지 보존하여야 하고, 기관석면조사를 한 건축물ㆍ설비소유주등과 석면조사기관은 그 결과에 "
chunk_00087,03_산업안전보건법.txt,70,1499,건에 관한 평 가 12. 제74조제3항에 따른 건설재해예방전문지도기관에 대한 평가 업무 13. 제84조제1항 및 제3항에 따른 안전인증 14. 제84조제4항 본문에 따른 안전인증의 확인 15. 제88조제3항에 따른 
chunk_00088,03_산업안전보건법.txt,71,1500,. 제166조(수수료 등) ① 다음 각 호의 어느 하나에 해당하는 자는 고용노동부령으로 정하는 바에 따라 수수료를 내야 한 다. ===== PAGE 45 ===== 법제처                         
chunk_00089,03_산업안전보건법.txt,72,1500,"까지(제166조의2에서 준용하는 경우를 포함한다), 제39조제1항(제166조의2에 서 준용하는 경우를 포함한다) 또는 제63조(제166조의2에서 준용하는 경우를 포함한다)를 위반하여 근로자를 사망 에 이르게 한 자는"
chunk_00090,03_산업안전보건법.txt,73,1500,3. 제58조제3항 또는 같은 조 제5항 후단(제59조제2항에 따라 준용되는 경우를 포함한다)에 따른 안전 및 보건에 관 한 평가 업무를 제165조제2항에 따라 위탁받은 자로서 그 업무를 거짓이나 그 밖의 부정한 방
chunk_00091,03_산업안전보건법.txt,74,1500,금에 처한다. 2. 징역형 이상의 실형과 병과된 경우에는 1년 이하의 징역 또는 1천만원 이하의 벌금에 처한다. [본조신설 2020. 3. 31.] 제171조(벌칙) 다음 각 호의 어느 하나에 해당하는 자는 1천만원
chunk_00092,03_산업안전보건법.txt,75,1456,"그램의 이수명령 (이하 “이수명령”이라 한다)을 병과(倂科)할 수 있다. <개정 2020. 3. 31.> ② 제1항에 따른 수강명령은 형의 집행을 유예할 경우에 그 집행유예기간 내에서 병과하고, 이수명령은 벌금 이상"
chunk_00093,03_산업안전보건법.txt,76,1500,참여시키지 아니한 자 2. 제57조제3항(제166조의2에서 준용하는 경우를 포함한다)에 따른 보고를 하지 아니하거나 거짓으로 보고한 자 2의2. 제64조제1항제6호를 위반하여 위생시설 등 고용노동부령으로 정하는 시설
chunk_00094,03_산업안전보건법.txt,77,1500,166조의2에서 준용하는 경우를 포함한다) 또는 제2항(제166조의2에서 준용하는 경우를 포함한 다)에 따른 근로감독관의 검사ㆍ점검 또는 수거를 거부ㆍ방해 또는 기피한 자 ⑤ 다음 각 호의 어느 하나에 해당하는 자에
chunk_00095,03_산업안전보건법.txt,78,1500,위반하여 대체자료로 적힌 화학물질의 명칭 및 함유량 정보를 제공하지 아니한 자 ===== PAGE 49 ===== 법제처                                                     
chunk_00096,03_산업안전보건법.txt,79,1499,한 자 10. 제114조제3항(제166조의2에서 준용하는 경우를 포함한다)을 위반하여 해당 근로자를 교육하는 등 적절한 조치 를 하지 아니한 자 11. 제115조제1항 또는 같은 조 제2항 본문을 위반하여 경고표시를
chunk_00097,03_산업안전보건법.txt,80,1500,안전 보건진단에 근로자대표를 참여시키지 아니한 자 2. 제57조제3항(제166조의2에서 준용하는 경우를 포함한다)에 따른 보고를 하지 아니하거나 거짓으로 보고한 자 2의2. 제64조제1항제6호를 위반하여 위생시설 등
chunk_00098,03_산업안전보건법.txt,81,1500,"는 기피한 자 ⑤ 다음 각 호의 어느 하나에 해당하는 자에게는 500만원 이하의 과태료를 부과한다.<개정 2020. 3. 31., 2021. 5. 18.> 1. 제15조제1항, 제16조제1항, 제17조제1항ㆍ제3항,"
chunk_00099,03_산업안전보건법.txt,82,1499,승인 신청 시 영업비밀과 관련되어 보호사유를 거짓으로 작성하여 신청한 자 10. 제112조제10항 각 호 외의 부분 후단을 위반하여 대체자료로 적힌 화학물질의 명칭 및 함유량 정보를 제공하지 아니한 자 11. 제11
chunk_00100,03_산업안전보건법.txt,83,1267,5조제1항 또는 같은 조 제2항 본문을 위반하여 경고표시를 하지 아니한 자 12. 제119조제1항에 따라 일반석면조사를 하지 아니하고 건축물이나 설비를 철거하거나 해체한 자 13. 제122조제3항을 위반하여 고용노동
chunk_00101,04_산업안전보건법_시행령.txt,1,1500,===== PAGE 1 ===== 법제처                                                            1                                     
chunk_00102,04_산업안전보건법_시행령.txt,2,1500,와 관련된 시책을 마련해야 한다. 1. 사업의 자율적인 안전ㆍ보건 경영체제 운영 등의 기법에 관한 연구 및 보급 2. 사업의 안전관리 및 보건관리 수준의 향상 제5조(산업 안전 및 보건 의식을 북돋우기 위한 시책 마
chunk_00103,04_산업안전보건법_시행령.txt,3,1500,획서의 심사를 위하여 필요한 경우로 한정한다) 2. 「화학물질관리법」 제9조제1항에 따른 화학물질확인 정보(같은 법 제52조제1항에 따른 자료보호기간 중에 있는 정보는 제외한다) [전문개정 2023. 6. 27.] 
chunk_00104,04_산업안전보건법_시행령.txt,4,1500,. 비계(飛階) 또는 거푸집을 설치하거나 해체하는 장소 5. 건설용 리프트를 운행하는 장소 6. 지반(地盤)을 굴착하거나 발파작업을 하는 장소 7. 엘리베이터홀 등 근로자가 추락할 위험이 있는 장소 ===== PAG
chunk_00105,04_산업안전보건법_시행령.txt,5,1500,제408조의5에 따른 대표집행임원을 말한다)는 회사의 정관에서 정하는 바에 따라 다음 각 호의 내용을 포함한 회사의 안전 및 보건에 관한 계획을 수립해야 한다. 1. 안전 및 보건에 관한 경영방침 2. 안전ㆍ보건관리
chunk_00106,04_산업안전보건법_시행령.txt,6,1500,에 따라 보건관리자의 업무 를 같은 항에 따른 보건관리전문기관(이하 “보건관리전문기관”이라 한다)에 위탁한 사업장의 경우에는 그 보 건관리전문기관의 해당 사업장 담당자 다. 법 제19조제1항에 따른 안전보건관리담당자
chunk_00107,04_산업안전보건법_시행령.txt,7,1500,한다) 지역에 소재하는 경우 2. 사업장 간의 경계를 기준으로 15킬로미터 이내에 소재하는 경우 ⑤ 제1항부터 제3항까지의 규정에도 불구하고 도급인의 사업장에서 이루어지는 도급사업에서 도급인이 고용노동 부령으로 정하
chunk_00108,04_산업안전보건법_시행령.txt,8,1500,지도 및 조치 건의 6. 산업재해 발생의 원인 조사ㆍ분석 및 재발 방지를 위한 기술적 보좌 및 지도ㆍ조언 7. 산업재해에 관한 통계의 유지ㆍ관리ㆍ분석을 위한 보좌 및 지도ㆍ조언 8. 법 또는 법에 따른 명령으로 정한
chunk_00109,04_산업안전보건법_시행령.txt,9,1460,국가법령정보센터 산업안전보건법 시행령 제22조(보건관리자의 업무 등) ① 보건관리자의 업무는 다음 각 호와 같다. 1. 산업안전보건위원회 또는 노사협의체에서 심의ㆍ의결한 업무와 안전보건관리규정 및 취업규칙에서 정한 
chunk_00110,04_산업안전보건법_시행령.txt,10,1500,는 “보건관리”로 본다. 제23조(보건관리자 업무의 위탁 등) ① 법 제18조제5항에 따라 보건관리자의 업무를 위탁할 수 있는 보건관리전문기관 은 지역별 보건관리전문기관과 업종별ㆍ유해인자별 보건관리전문기관으로 구분한
chunk_00111,04_산업안전보건법_시행령.txt,11,1499,9. 8.> 1. 법 제29조에 따른 안전보건교육 실시에 관한 보좌 및 지도ㆍ조언 2. 법 제36조에 따른 위험성평가에 관한 보좌 및 지도ㆍ조언 3. 법 제125조에 따른 작업환경측정 및 개선에 관한 보좌 및 지도ㆍ
chunk_00112,04_산업안전보건법_시행령.txt,12,1500,를 수행하지 않고 위탁 수수료를 받은 경우 ===== PAGE 8 ===== 법제처                                                            8             
chunk_00113,04_산업안전보건법_시행령.txt,13,1500,"원에 관하여는 제14조제2항을 준용한다. 이 경우 “안전보건관리책임자”는 “산업보건의”로, “법 제15조제1항”은 “제1항”으로 본다. 제32조(명예산업안전감독관 위촉 등) ① 고용노동부장관은 다음 각 호의 어느 하"
chunk_00114,04_산업안전보건법_시행령.txt,14,1498,발생한 경우 사업주에 대한 임시건강진단 실시 요청 7. 근로자에 대한 안전수칙 준수 지도 8. 법령 및 산업재해 예방정책 개선 건의 9. 안전ㆍ보건 의식을 북돋우기 위한 활동 등에 대한 참여와 지원 10. 그 밖에 
chunk_00115,04_산업안전보건법_시행령.txt,15,1500,"리자를 두어야 하는 사업장으로 한정하되, 보건관리자의 업무를 보건관리 전문기관에 위탁한 사업장의 경우에는 그 보건관리전문기관의 해당 사업장 담당자를 말한다) 1명 4. 산업보건의(해당 사업장에 선임되어 있는 경우로 "
chunk_00116,04_산업안전보건법_시행령.txt,16,1499,제24조제2항 각 호에 따른 사항에 대하여 산업안전보건위원회에서 의결하지 못한 경우 2. 산업안전보건위원회에서 의결된 사항의 해석 또는 이행방법 등에 관하여 의견이 일치하지 않는 경우 ② 제1항에 따른 중재 결정이 
chunk_00117,04_산업안전보건법_시행령.txt,17,1500,하여 법 제33조제4항에 따라 준용되는 법 제21조제 4항제5호에서 “대통령령으로 정하는 사유에 해당하는 경우”란 다음 각 호의 경우를 말한다. 1. 교육 관련 서류를 거짓으로 작성한 경우 2. 정당한 사유 없이 교
chunk_00118,04_산업안전보건법_시행령.txt,18,1458,안전보건법 시행령 1. 금속이나 그 밖의 광물의 용해로 2. 화학설비 3. 건조설비 4. 가스집합 용접장치 5. 근로자의 건강에 상당한 장해를 일으킬 우려가 있는 물질로서 고용노동부령으로 정하는 물질의 밀폐ㆍ환기ㆍ배
chunk_00119,04_산업안전보건법_시행령.txt,19,1500,1항에도 불구하고 다음 각 호의 설비는 유해하거나 위험한 설비로 보지 않는다. 1. 원자력 설비 2. 군사시설 3. 사업주가 해당 사업장 내에서 직접 사용하기 위한 난방용 연료의 저장설비 및 사용설비 4. 도매ㆍ소매
chunk_00120,04_산업안전보건법_시행령.txt,20,1499,"학사고예방관리계획서 사본의 제출로 갈음할 수 있다. <개정 2020. 9. 8., 2025. 10. 1.> ② 제1항 전단에도 불구하고 사업주가 제출해야 할 공정안전보고서가 「고압가스 안전관리법」 제2조에 따른 고압"
chunk_00121,04_산업안전보건법_시행령.txt,21,1464,또는 기피한 경우 제49조(안전보건진단을 받아 안전보건개선계획을 수립할 대상) 법 제49조제1항 각 호 외의 부분 후단에서 “대통령령으 로 정하는 사업장”이란 다음 각 호의 사업장을 말한다. 1. 산업재해율이 같은 
chunk_00122,04_산업안전보건법_시행령.txt,22,1500,"등의 사용 여부 확인 ② 안전보건총괄책임자에 대한 지원에 관하여는 제14조제2항을 준용한다. 이 경우 “안전보건관리책임자”는 “안전 보건총괄책임자”로, “법 제15조제1항”은 “제1항”으로 본다. ③ 사업주는 안전보"
chunk_00123,04_산업안전보건법_시행령.txt,23,1500,안전산업기사 자격을 취득한 후 건설안전 분야에서 5년 이상의 실무경력이 있는 사람 [본조신설 2021. 11. 19.] 제56조(안전보건조정자의 선임 등) ① 법 제68조제1항에 따른 안전보건조정자(이하 “안전보건조
chunk_00124,04_산업안전보건법_시행령.txt,24,1500,에 따라 같은 장소에서 이루어지는 각각의 공사 간에 혼재된 작업의 파악 2. 제1호에 따른 혼재된 작업으로 인한 산업재해 발생의 위험성 파악 3. 제1호에 따른 혼재된 작업으로 인한 산업재해를 예방하기 위한 작업의 
chunk_00125,04_산업안전보건법_시행령.txt,25,1498,구역 내에서 같은 사 업주가 시공하는 셋 이하의 공사에 대하여 공동으로 안전관리자의 자격을 가진 사람 1명을 선임한 경우를 포함한 다)하여 제18조제1항 각 호에 따른 안전관리자의 업무만을 전담하도록 하는 공사 4.
chunk_00126,04_산업안전보건법_시행령.txt,26,1499,우 5. 지도를 실시하고 그 결과를 고용노동부장관이 정하는 전산시스템에 3회 이상 입력하지 않은 경우 6. 지도업무와 관련된 비치서류를 보존하지 않은 경우 7. 법에 따른 관계 공무원의 지도ㆍ감독을 거부ㆍ방해 또는 
chunk_00127,04_산업안전보건법_시행령.txt,27,1500,대통령령으로 정하는 기계ㆍ기구 또는 설비 등”이란 다음 각 호 의 어느 하나에 해당하는 기계ㆍ기구 또는 설비를 말한다. 1. 타워크레인 2. 건설용 리프트 3. 항타기(해머나 동력을 사용하여 말뚝을 박는 기계) 및 
chunk_00128,04_산업안전보건법_시행령.txt,28,1499,따른 화물차주로서 다음 각 목의 어느 하나에 해당하는 사람 가. 「자동차관리법」 제3조제1항제4호의 특수자동차로 수출입 컨테이너를 운송하는 사람 나. 「자동차관리법」 제3조제1항제4호의 특수자동차로 시멘트를 운송하는
chunk_00129,04_산업안전보건법_시행령.txt,29,1499,사항을 말한다.<개정 2025. 4. 29.> 1. 업체의 명칭(상호) 2. 업체의 소재지 3. 대표자의 성명 4. 별표 22 제1호에 따라 보유한 인력 제73조(타워크레인 설치ㆍ해체업의 등록 취소 등의 사유) 법 
chunk_00130,04_산업안전보건법_시행령.txt,30,1499,으로 지정받을 수 있는 자는 다음 각 호의 어느 하나에 해당하는 자로 한다. 1. 공단 2. 다음 각 목의 어느 하나에 해당하는 기관으로서 별표 23에 따른 인력ㆍ시설 및 장비를 갖춘 기관 가. 산업 안전ㆍ보건 또는
chunk_00131,04_산업안전보건법_시행령.txt,31,1500,해당하는 보호구 가. 안전모(제74조제1항제3호가목의 안전모는 제외한다) 나. 보안경(제74조제1항제3호차목의 보안경은 제외한다) 다. 보안면(제74조제1항제3호카목의 보안면은 제외한다) ② 자율안전확인대상기계등의 
chunk_00132,04_산업안전보건법_시행령.txt,32,1500,른 안전검사기관(이하 “안전검사기관”이라 한다)으로 지정받을 수 있는 자는 다음 각 호의 어느 하나에 해당하는 자로 한다. 1. 공단 2. 다음 각 목의 어느 하나에 해당하는 기관으로서 별표 24에 따른 인력ㆍ시설 
chunk_00133,04_산업안전보건법_시행령.txt,33,1500,위험기계등”이라 한다)의 성능시험을 하는 경우에는 제조ㆍ수입ㆍ양도ㆍ대여하거나 양도ㆍ대여의 목적으로 진열된 유해ㆍ위험기계 등 중에서 그 시료(試料)를 수거하여 실시한다. ③ 제1항 및 제2항에 따른 제품 제조 과정 조
chunk_00134,04_산업안전보건법_시행령.txt,34,1500,하나에 해당하는 것을 말한다. <개정 2020. 8. 27.> ===== PAGE 24 ===== 법제처                                                            24
chunk_00135,04_산업안전보건법_시행령.txt,35,1500,염(4-Nitrodiphenyl and its salts) 3. 백연[1319-46-6]을 포함한 페인트(포함된 중량의 비율이 2퍼센트 이하인 것은 제외한다) 4. 벤젠[71-43-2]을 포함하는 고무풀(포함된 중량
chunk_00136,04_산업안전보건법_시행령.txt,36,1455,". o-톨리딘[119-93-7] 및 그 염(o-Tolidine and its salts) 12. 황화니켈류(Nickel sulfides; 12035-72-2, 16812-54-7) 13. 제1호부터 제4호까지 또는 "
chunk_00137,04_산업안전보건법_시행령.txt,37,1500,는 경우 제90조(석면조사기관의 지정 요건 등) 법 제120조제1항에 따라 석면조사기관으로 지정받을 수 있는 자는 다음 각 호의 어느 하나에 해당하는 자로서 별표 27에 따른 인력ㆍ시설 및 장비를 갖추고 법 제120
chunk_00138,04_산업안전보건법_시행령.txt,38,1500,를 이행하지 않은 경우 3. 법 제123조제1항에 따라 고용노동부령으로 정하는 석면해체ㆍ제거의 작업기준을 준수하지 않아 벌금형의 선고 또는 금고 이상의 형의 선고를 받은 경우 4. 법에 따른 관계 공무원의 지도ㆍ감독
chunk_00139,04_산업안전보건법_시행령.txt,39,1500,5. 작업환경측정 대상 사업장의 부속기관(해당 부속기관이 소속된 사업장 등 고용노동부령으로 정하는 범위로 한정 하여 지정받으려는 경우로 한정한다) 제96조(작업환경측정기관의 지정 취소 등의 사유) 법 제126조제5항
chunk_00140,04_산업안전보건법_시행령.txt,40,1500,권정비 계획법」 제2조제1호에 따른 수도권에 속하는 시는 제외한다) 또는 「제주특별자치도 설치 및 국제자유도시 조성을 위한 특별법」 제10조에 따른 행정시의 경우에는 고용노동부령으로 정하는 유해인자에 대하여 「건강검
chunk_00141,04_산업안전보건법_시행령.txt,41,1500,조제2항에서 “대통령령으로 정하는 유해하거나 위험한 작업”이란 다음 각 호의 어느 하나에 해당하는 작업을 말한다. 1. 갱(坑) 내에서 하는 작업 2. 다량의 고열물체를 취급하는 작업과 현저히 덥고 뜨거운 장소에서 
chunk_00142,04_산업안전보건법_시행령.txt,42,1458,"산업안전지도사 등의 업무 영역별 종류 등) ① 법 제145조제1항에 따라 등록한 산업안전지도사의 업무 영역은 기계안전ㆍ전기안전ㆍ화공안전ㆍ건설안전 분야로 구분하고, 같은 항에 따라 등록한 산업보건지도사의 업무 영역은 "
chunk_00143,04_산업안전보건법_시행령.txt,43,1500,공으로 한정한다) 박사학위 소지자: 별표 32에 따른 전공필수 과목 5. 제2호 또는 제4호에 해당하는 사람으로서 각각의 자격 또는 학위 취득 후 산업안전ㆍ산업보건 업무에 3년 이상 종사한 경력이 있는 사람: 별표 
chunk_00144,04_산업안전보건법_시행령.txt,44,1500,있는 사람”이란 산업안전 또는 산업 보건 분야에서 5년 이상 실무에 종사한 경력이 있는 사람을 말한다. 제108조(손해배상을 위한 보증보험 가입 등) ① 법 제145조제1항에 따라 등록한 지도사(같은 조 제2항에 따
chunk_00145,04_산업안전보건법_시행령.txt,45,1497,상보험및예방심의위원회의 심의를 거쳐 고용노동부장관이 정하는 업무 제109조의2(보조ㆍ지원의 취소에 따른 추가 환수) ① 고용노동부장관이 법 제158조제3항에 따라 추가로 환수할 수 있 는 금액은 다음 각 호의 구분에
chunk_00146,04_산업안전보건법_시행령.txt,46,1499,12. 12.> ⑦ 삭제<2023. 12. 12.> ⑧ 제1항부터 제4항까지에서 규정한 사항 외에 과징금의 부과ㆍ징수에 필요한 사항은 고용노동부령으로 정한다. <개정 2023. 12. 12.> 제113조(도급금지 등
chunk_00147,04_산업안전보건법_시행령.txt,47,1500,"보건개선계획의 수립ㆍ시행 명령 11. 법 제50조제1항 및 제2항에 따른 안전보건개선계획서의 접수, 심사, 그 결과의 통보 및 안전보건개선계획서의 보완 명령 12. 법 제53조제1항에 따른 시정조치 명령 13. 법 "
chunk_00148,04_산업안전보건법_시행령.txt,48,1500,"령 및 이행 명령의 결과를 보고받을 때까지 의 작업중지 명령 34. 법 제120조제1항 및 제5항에 따른 석면조사기관의 지정, 지정 취소 및 업무정지 명령 35. 법 제121조제1항 및 제4항에 따른 석면해체ㆍ제거업"
chunk_00149,04_산업안전보건법_시행령.txt,49,1500,탁한다.<개정 2021. 11. 19.> 1. 공단 2. 다음 각 목의 법인 또는 기관 중에서 위탁업무를 수행할 수 있는 인력ㆍ시설 및 장비를 갖추어 고용노동부장관이 정하여 고시하는 바에 따라 지정을 받거나 등록한 
chunk_00150,04_산업안전보건법_시행령.txt,50,1212,제8조에 따라 고용노동부장관이 협조를 요청한 사항으로서 산업재해 또는 건강진단 관련 자료의 처리에 관한 사무 2. 법 제57조에 따른 산업재해 발생 기록 및 보고 등에 관한 사무 3. 법 제129조부터 제136조까지
chunk_00151,05_산업안전보건법_시행규칙.txt,1,1500,===== PAGE 1 ===== 법제처                                                            1                                     
chunk_00152,05_산업안전보건법_시행규칙.txt,2,1499,수 있는 사항은 다음 각 호와 같다. 1. 안전ㆍ보건 의식 정착을 위한 안전문화운동의 추진 2. 산업재해 예방을 위한 홍보 지원 3. 안전ㆍ보건과 관련된 중복규제의 정비 4. 안전ㆍ보건과 관련된 시설을 개선하는 사업
chunk_00153,05_산업안전보건법_시행규칙.txt,3,1499,받은 날부터 10일 이내에 고용노동부장관에게 이 의를 제기할 수 있다. 제5조(통합정보시스템 정보의 제공) 고용노동부장관은 관련 행정기관 또는 「한국산업안전보건공단법」에 따른 한국산 업안전보건공단(이하 “공단”이라 
chunk_00154,05_산업안전보건법_시행규칙.txt,4,1500,도록 공표의 대상이 되는 연도의 다음 연도 3월 15일까지 요청해야 한다. ② 제1항에 따라 자료의 제출을 요청받은 도급인은 그 해 4월 30일까지 별지 제1호서식의 통합 산업재해 현황 조사 표를 작성하여 지방고용노
chunk_00155,05_산업안전보건법_시행규칙.txt,5,1500,5. 4. 29.> ② 사업주는 영 제16조제7항 및 제20조제3항에 따라 안전관리자 및 보건관리자를 해임하거나 안전관리 업무 및 보 건관리 업무 위탁을 해지한 경우에는 별지 제3호의2서식의 안전관리자ㆍ보건관리자ㆍ산
chunk_00156,05_산업안전보건법_시행규칙.txt,6,1499,각 호와 같다. ===== PAGE 4 ===== 법제처                                                            4                            
chunk_00157,05_산업안전보건법_시행규칙.txt,7,1500,을 말한다) 나. 정관을 갈음할 수 있는 서류(법인이 아닌 경우만 해당한다) 다. 법인등기사항증명서를 갈음할 수 있는 서류(법인이 아닌 경우만 해당한다) 라. 영 별표 8에 따른 인력기준에 해당하는 사람의 자격과 채
chunk_00158,05_산업안전보건법_시행규칙.txt,8,1492,다. 1. 인력ㆍ시설 및 장비의 보유 수준과 그에 대한 관리능력 2. 기술지도의 충실성을 포함한 안전관리ㆍ보건관리 업무 수행능력 3. 안전관리ㆍ보건관리 업무를 위탁한 사업장의 만족도 ② 공단은 안전관리전문기관 또는 
chunk_00159,05_산업안전보건법_시행규칙.txt,9,1499,"는 보건관리 상태를 정기적으로 점검해야 하며, 점검 결과 법령위반사항을 발견한 경우에는 그 위반사항과 구체적인 개선 대책을 해당 사업주에게 지체 없이 통보 해야 한다. ② 안전관리전문기관 또는 보건관리전문기관은 고용"
chunk_00160,05_산업안전보건법_시행규칙.txt,10,1500,원의 지명) 영 제35조제1항제3호에 따라 근로자대표가 근로자위원을 지명하는 경우에 근로자대표는 조합원인 근로자와 조합원이 아닌 근로자의 비율을 반영하여 근로자위원을 지명하도록 노력해야 한다. 제2절 안전보건관리규정
chunk_00161,05_산업안전보건법_시행규칙.txt,11,1499,마. 법 제19조제1항에 따른 안전보건관리담당자(안전관리전문기관 및 보건관리전문기관에서 안전보건관리담당 자의 위탁업무를 수행하는 사람을 포함한다) 바. 법 제22조제1항에 따른 산업보건의 2. 공단에서 실시하는 해당
chunk_00162,05_산업안전보건법_시행규칙.txt,12,1500,감독자의 지위에 있는 사람의 경우 별표 4 제1호의2나목의 관리감독자 채용 시 교육시간을 말 한다)에서 면제 3. 별표 5 제1호라목제33호의 작업에 종사하는 근로자가 「원자력안전법 시행규칙」 제138조제1항제2호에
chunk_00163,05_산업안전보건법_시행규칙.txt,13,1494,하는 경우 3. 채용 시 교육 또는 특별교육을 이수한 근로자가 같은 도급인의 사업장 내에서 이전에 하던 업무와 동일한 업무에 종사하는 경우: 소속 사업장의 변경에도 불구하고 해당 근로자에 대한 채용 시 교육 또는 특
chunk_00164,05_산업안전보건법_시행규칙.txt,14,1500,"에 따른 신규교육 및 보수교육(이하 “직무교육”이라 한다)의 교육시간은 별표 4와 같고, 교육내용은 별표 5와 같다. ③ 직무교육을 실시하기 위한 집체교육, 현장교육, 인터넷원격교육 등의 교육 방법, 직무교육 기관의"
chunk_00165,05_산업안전보건법_시행규칙.txt,15,1500,비 명세서 라. 최초 1년간의 교육사업계획서 2. 영 제40조제3항에 따라 직무교육기관으로 등록하려는 자: 별지 제10호서식의 직무교육기관 등록 신청서에 다음 각 목의 서류를 첨부 가. 영 제40조제3항 각 호의 어
chunk_00166,05_산업안전보건법_시행규칙.txt,16,1500,정하여 고시한다.<신설 2023. 9. 27.> 제32조(안전보건교육기관의 평가 등) ① 공단이 법 제33조제2항에 따라 안전보건교육기관을 평가하는 기준은 다음 각 호와 같다. 1. 인력ㆍ시설 및 장비의 보유수준과 
chunk_00167,05_산업안전보건법_시행규칙.txt,17,1499,"후 적합한 경우에는 지체 없이 등록사항을 변경하고, 등록증을 변경하여 발급(등록 증의 기재사항에 변경이 있는 경우만 해당한다)할 수 있다. 제34조(건설업 기초안전ㆍ보건교육기관 등록 취소 등) ① 공단은 법 제33조"
chunk_00168,05_산업안전보건법_시행규칙.txt,18,1500,허용 불가능한 수준으로 결정된 유해ㆍ위험 요인이 있는 경우에는 해당 유해ㆍ위험 요인의 위험성을 허용 가능한 수준으로 줄이기 위한 개선대책 수립ㆍ이행 ② 사업주는 다음 각 호의 구분에 따라 위험성평가를 실시해야 한다.
chunk_00169,05_산업안전보건법_시행규칙.txt,19,1500,"조신설 2026. 5. 29.] 제38조(안전보건표지의 종류ㆍ형태ㆍ색채 및 용도 등) ① 법 제37조제2항에 따른 안전보건표지의 종류와 형태는 별표 6과 같고, 그 용도 , 설치ㆍ부착 장소, 형태 및 색채는 별표 7"
chunk_00170,05_산업안전보건법_시행규칙.txt,20,1500,(제출서류 등) ① 법 제42조제1항제1호에 해당하는 사업주가 유해위험방지계획서를 제출할 때에는 사업장별로 별지 제16호서식의 제조업 등 유해위험방지계획서에 다음 각 호의 서류를 첨부하여 해당 작업 시작 15일 전까
chunk_00171,05_산업안전보건법_시행규칙.txt,21,1500,및 확인업체”라 한다)의 사업주를 말한다. ⑥ 자체심사 및 확인업체는 별표 11의 자체심사 및 확인방법에 따라 유해위험방지계획서를 스스로 심사하여 해당 공사의 착공 전날까지 별지 제18호서식의 유해위험방지계획서 자체
chunk_00172,05_산업안전보건법_시행규칙.txt,22,1455,14                                                       국가법령정보센터 산업안전보건법 시행규칙 2. 조건부 적정: 근로자의 안전과 보건을 확보하기 위하여 일부 개선이 필
chunk_00173,05_산업안전보건법_시행규칙.txt,23,1500,(별표 1 제 3호라목에 따른 재해는 제외한다)가 발생한 경우에는 그렇지 않다. ④ 제3항에 따른 유해위험방지계획서에 대한 확인은 제44조제4항에 따라 평가를 한 자가 해서는 안 된다. 제47조(자체심사 및 확인업체
chunk_00174,05_산업안전보건법_시행규칙.txt,24,1500,제43조 각 호의 자격을 갖춘 자의 의견을 듣지 않고 유해위험방지계획서를 작성한 사업장 제50조(공정안전보고서의 세부 내용 등) ① 영 제44조에 따라 공정안전보고서에 포함해야 할 세부내용은 다음 각 호와 같다. 1
chunk_00175,05_산업안전보건법_시행규칙.txt,25,1500,다. 제51조(공정안전보고서의 제출 시기) 사업주는 영 제45조제1항에 따라 유해하거나 위험한 설비의 설치ㆍ이전 또는 주 요 구조부분의 변경공사의 착공일(기존 설비의 제조ㆍ취급ㆍ저장 물질이 변경되거나 제조량ㆍ취급량ㆍ
chunk_00176,05_산업안전보건법_시행규칙.txt,26,1500,의 평가) ① 법 제46조제4항에 따라 고용노동부장관은 같은 조 제2항에 따른 공정안 전보고서의 확인(신규로 설치되는 유해하거나 위험한 설비의 경우에는 설치 완료 후 시운전 단계에서의 확인을 말한 다) 후 1년이 지
chunk_00177,05_산업안전보건법_시행규칙.txt,27,1499,공개에 관하여는 제17조제2항부터 제8항 까지의 규정을 준용한다. 이 경우 “안전관리전문기관 또는 보건관리전문기관”은 “안전보건진단기관”으로 본다. 제59조(안전보건진단기관의 지정신청 등) ① 안전보건진단기관으로 지
chunk_00178,05_산업안전보건법_시행규칙.txt,28,1500,노동관서의 장은 안전보건개선계획서의 적정 여부 확인을 공 단 또는 지도사에게 요청할 수 있다. ===== PAGE 18 ===== 법제처                                            
chunk_00179,05_산업안전보건법_시행규칙.txt,29,1499,"중지명령서등”으로, “사용중지명령서”는 “작업중지명령서”로, “사용중지”는 “작업중지”로 본다. 제66조(시정조치 명령서의 게시) 법 제53조제1항에 따라 이 법 위반으로 고용노동부장관의 시정조치 명령을 받은 사업 "
chunk_00180,05_산업안전보건법_시행규칙.txt,30,1458,충분히 개선되었다고 심의ㆍ의결하는 경우에는 즉시 작업중지명령의 해제를 결정해야 한다. ③ 제1항 및 제2항에서 규정한 사항 외에 심의위원회의 구성 및 운영에 필요한 사항은 고용노동부장관이 정한다. 제71조(중대재해등
chunk_00181,05_산업안전보건법_시행규칙.txt,31,1499,"산업재해 기록 등) 사업주는 산업재해가 발생한 때에는 법 제57조제2항에 따라 다음 각 호의 사항을 기록ㆍ보 존해야 한다. 다만, 제73조제1항에 따른 산업재해조사표의 사본을 보존하거나 제73조제5항에 따른 요양신청"
chunk_00182,05_산업안전보건법_시행규칙.txt,32,1500,지의 규정에서 정한 사항 외에 산업재해발생 보고에 필요한 사항은 고용노동부장관이 정한다 . ⑤ 「산업재해보상보험법」 제41조에 따라 요양급여의 신청을 받은 근로복지공단은 지방고용노동관서의 장 또는 공 단으로부터 요양
chunk_00183,05_산업안전보건법_시행규칙.txt,33,1499,"33조, 제72조부터 제79조까지, 제81조, 제83조부터 제85조까지, 제225조, 제232조, 제299조, 제301조부터 제305조까지, 제422조, 제429조부터 제435조까지, 제442조부터 제444조까지, "
chunk_00184,05_산업안전보건법_시행규칙.txt,34,1499,"야 한다. 1. 도급대상 작업의 공정 관련 서류 일체(기계ㆍ설비의 종류 및 운전조건, 유해ㆍ위험물질의 종류ㆍ사용량, 유해ㆍ 위험요인의 발생 실태 및 종사 근로자 수 등에 관한 사항이 포함되어야 한다) 2. 도급작업 "
chunk_00185,05_산업안전보건법_시행규칙.txt,35,1499,협의체(이하 이 조에서 “협의체 ”라 한다)는 도급인 및 그의 수급인 전원으로 구성해야 한다. ② 협의체는 다음 각 호의 사항을 협의해야 한다. 1. 작업의 시작 시간 2. 작업 또는 작업장 간의 연락방법 3. 재해
chunk_00186,05_산업안전보건법_시행규칙.txt,36,1500,로자 각 1명(관계수급인의 근로자의 경우에는 해당 공정만 해당한다) ② 법 제64조제2항에 따른 정기 안전ㆍ보건점검의 실시 횟수는 다음 각 호의 구분에 따른다. 1. 다음 각 목의 사업: 2개월에 1회 이상 가. 건
chunk_00187,05_산업안전보건법_시행규칙.txt,37,1499,"건설공사발주자의 법령상 주요 의무사항 및 이에 대한 확인 ② 법 제67조제1항제2호에 따른 설계안전보건대장에는 다음 각 호의 사항이 포함되어야 한다. 다만, 건설공사발주 자가「건설기술 진흥법」 제39조제3항 및 제4"
chunk_00188,05_산업안전보건법_시행규칙.txt,38,1500,"만, 해당 공사기간의 연장 사유가 그 건설공사의 계약기간 만료 후에 도 지속될 것으로 예상되는 경우에는 그 계약기간 만료 전에 건설공사발주자에게 공사기간 연장을 요청할 예정임을 통지하고, 그 사유가 종료된 날부터 1"
chunk_00189,05_산업안전보건법_시행규칙.txt,39,1500,36호서식의 건설공사 설계변경 요 청서에 다음 각 호의 서류를 첨부하여 건설공사발주자에게 제출해야 한다. ===== PAGE 25 ===== 법제처                                      
chunk_00190,05_산업안전보건법_시행규칙.txt,40,1500,"따라 산정한 금액을 말한다)이 4천만원 이상인 때에는 고용노동부장관이 정하는 바에 따라 매월(건설공사가 1개월 이내에 종료되는 사업의 경우에는 해당 건설공사가 끝나는 날이 속하는 달을 말한다) 사용명세서를 작성하고,"
chunk_00191,05_산업안전보건법_시행규칙.txt,41,1500,"조제4항부터 제6항까지의 규정을 준용한다. 이 경우 “안전관리전문기관 또는 보건관리전문 기관”은 “건설재해예방전문지도기관”으로, “고용노동부장관 또는 지방고용노동청장”은 “지방고용노동청장”으로 본 다. ⑤ 법 제74"
chunk_00192,05_산업안전보건법_시행규칙.txt,42,1500,"호 및 제 3호에 한정한다) 4. 그 밖에 해당 기계ㆍ기구 또는 설비 등에 대하여 안전보건규칙에서 정하고 있는 안전보건 조치 5. 기계ㆍ기구 등의 결함, 작업방법과 절차 미준수, 강풍 등 이상 환경으로 인하여 작업수"
chunk_00193,05_산업안전보건법_시행규칙.txt,43,1499,의 공정화에 관한 법률」 제2조제9호에 따른 가맹계약서의 관계 서류에 포함하여 제공 2. 가맹본부가 가맹점에 설비ㆍ기계 및 원자재 또는 상품 등을 설치하거나 공급하는 때에 제공 3. 「가맹사업거래의 공정화에 관한 법
chunk_00194,05_산업안전보건법_시행규칙.txt,44,1499,"3. 방호조치의 기능이 상실된 것을 발견한 경우: 지체 없이 사업주에게 신고할 것 ② 사업주는 제1항제3호에 따른 신고가 있으면 즉시 수리, 보수 및 작업중지 등 적절한 조치를 해야 한다. 제100조(기계등 대여자의"
chunk_00195,05_산업안전보건법_시행규칙.txt,45,1499,조치를 해야 한다. 1. 타워크레인을 사용하는 작업 중에 타워크레인 장비 간 또는 타워크레인과 인접 구조물 간 충돌위험이 있으면 충 돌방지장치를 설치하는 등 충돌방지를 위하여 필요한 조치를 할 것 2. 타워크레인 설
chunk_00196,05_산업안전보건법_시행규칙.txt,46,1500,여 주된 사무소의 소재지를 관할하는 지방고용 노동관서의 장에게 제출해야 한다. 1. 영 별표 22에 따른 인력기준에 해당하는 사람의 자격과 채용을 증명할 수 있는 서류 2. 건물임대차계약서 사본이나 그 밖에 사무실의
chunk_00197,05_산업안전보건법_시행규칙.txt,47,1499,안전인증 신청서에 별표 13의 서류를 첨부하여 영 제 116조제2항에 따라 안전인증 업무를 위탁받은 기관(이하 “안전인증기관”이라 한다)에 제출(전자적 방법에 의한 제출 을 포함한다)해야 한다. 이 경우 외국에서 법
chunk_00198,05_산업안전보건법_시행규칙.txt,48,1500,안전인증기준(이하 “안전인증기준”이라 한다)과 같은 수준 이상인 것으로 인정되는 경우에는 해 당 인증 또는 시험이나 그 일부 항목에 한정하여 법 제84조제1항에 따른 안전인증을 면제한다. 1. 고용노동부장관이 정하여
chunk_00199,05_산업안전보건법_시행규칙.txt,49,1499,안전인증(제4호나목의 형식별 제품심사를 하여 안전인증을 받은 경우로 한정한다)을 받은 후 같은 공정에서 제조되는 같은 종류의 안전인증대상기계등에 대하여 안전인증을 하는 경우 4. 제품심사: 유해ㆍ위험기계등이 서면심사
chunk_00200,05_산업안전보건법_시행규칙.txt,50,1500,적용하기 곤 란할 경우 해당 제품이 안전인증기준과 같은 수준 이상의 안전에 관한 성능을 보유한 것으로 인정(안전인증을 신청 한 자의 요청이 있거나 필요하다고 판단되는 경우를 포함한다)되면 「산업표준화법」 제12조에 
chunk_00201,05_산업안전보건법_시행규칙.txt,51,1500,없는 경우에는 그 안전인증기관의 소재지로 한 다)를 관할하는 지방고용노동관서의 장에게 지체 없이 알려야 한다. ⑤ 안전인증기관은 제109조제2항제1호에 따라 일부 항목에 한정하여 안전인증을 면제한 경우에는 외국의 해
chunk_00202,05_산업안전보건법_시행규칙.txt,52,1499,지방고용노동관서의 장은 제1항에 따른 수거ㆍ파기명령을 받은 자가 그 제품을 구성하는 부분품을 교체하여 결 함을 개선하는 등 안전인증기준의 부적합 사유를 해소할 수 있는 경우에는 해당 부분품에 대해서만 수거ㆍ파기할 것
chunk_00203,05_산업안전보건법_시행규칙.txt,53,1499,해당하 는 경우를 말한다. 1. 「농업기계화촉진법」 제9조에 따른 검정을 받은 경우 2. 「산업표준화법」 제15조에 따른 인증을 받은 경우 3. 「전기용품 및 생활용품 안전관리법」 제5조 및 제8조에 따른 안전인증 
chunk_00204,05_산업안전보건법_시행규칙.txt,54,1500,안전기준의 부적합 사유를 해소할 수 있는 경우에는 해당 부분품에 대해서만 수거ㆍ파기할 것을 명할 수 있다. ③ 제1항 및 제2항에 따라 수거ㆍ파기명령을 받은 자는 명령에 따른 필요한 조치를 이행하면 그 결과를 관할 
chunk_00205,05_산업안전보건법_시행규칙.txt,55,1499,리에 관한 법률」 제22조제1항에 따른 자체점검을 받은 경우 11. 「화학물질관리법」 제24조제3항 본문에 따른 정기검사를 받은 경우 제126조(안전검사의 주기와 합격표시 및 표시방법) ① 법 제93조제3항에 따른 
chunk_00206,05_산업안전보건법_시행규칙.txt,56,1500,별표 16과 같다 [시행일: 2026. 6. 26.] 제126조제1항제3호 제127조(안전검사 합격증명서의 발급) 법 제94조에 따라 고용노동부장관은 안전검사에 합격한 사업주에게 안전검사대 상기계등에 직접 부착 가능
chunk_00207,05_산업안전보건법_시행규칙.txt,57,1500,경력이 5년 이상인 사람 3. 「국가기술자격법」에 따른 기계ㆍ전기ㆍ전자ㆍ화공 또는 산업안전 분야에서 기능사 이상의 자격을 취득한 후 해 당 분야의 실무경력이 7년 이상인 사람 4. 「고등교육법」 제2조에 따른 학교 
chunk_00208,05_산업안전보건법_시행규칙.txt,58,1499,할 수 있는 장비를 갖추고 이를 유지ㆍ관리할 수 있을 것 3. 제126조에 따른 안전검사 주기의 2분의 1에 해당하는 주기(영 제78조제1항제3호의 크레인 중 건설현장 외에서 사용하는 크레인의 경우에는 6개월)마다 
chunk_00209,05_산업안전보건법_시행규칙.txt,59,1446,38                                                       국가법령정보센터 산업안전보건법 시행규칙 1. 정관 2. 영 별표 25에 따른 인력기준에 해당하는 사람의 자격과 채
chunk_00210,05_산업안전보건법_시행규칙.txt,60,1499,"의 절차 및 방법은 제110조, 제111조제1항 및 제120조의 규정을 준용한다. 제137조(유해ㆍ위험기계등 제조사업 등의 지원 및 등록 요건) 법 제102조제2항에서 “고용노동부령으로 정하는 인력ㆍ 시설 및 장비 "
chunk_00211,05_산업안전보건법_시행규칙.txt,61,1462,"및 시험 비용의 일부 또는 전부의 지원 3. 연구개발, 품질관리를 위한 시험장비 구매 비용의 일부 또는 전부의 지원 4. 국내외 전시회 개최 비용의 일부 또는 전부의 지원 5. 공단이 소유하고 있는 공업소유권의 우선"
chunk_00212,05_산업안전보건법_시행규칙.txt,62,1499,의심되는 유해인자 3. 그 밖에 사회적 물의를 일으키는 등 유해성ㆍ위험성 평가가 필요한 유해인자 ② 고용노동부장관은 제1항에 따라 선정된 유해인자에 대한 유해성ㆍ위험성 평가를 실시할 때에는 다음 각 호의 사 항을 고
chunk_00213,05_산업안전보건법_시행규칙.txt,63,1500,로 정하는 임시 작업과 단시간 작업”이 란 안전보건규칙 제420조제8호에 따른 임시 작업과 같은 조 제9호에 따른 단시간 작업을 말한다. 이 경우 “관리대상 유해물질”은 “허용기준 설정 대상 유해인자”로 본다. 제1
chunk_00214,05_산업안전보건법_시행규칙.txt,64,1500,는 제2항에 따라 기후에너지환경부장관으로부 터 신규화학물질 등록자료 및 유해성심사 결과를 제공받은 날부터 30일(연간 제조하거나 수입하려는 양이 100킬로 그램 이상 1톤 미만인 경우에는 14일) 이내에 제1항 본문
chunk_00215,05_산업안전보건법_시행규칙.txt,65,1500,화학물질의 유해성ㆍ위험성 조사 제외) ① 법 제108조제1항제2호에서 “위해의 정도가 적다고 인 정되는 경우로서 고용노동부령으로 정하는 경우”란 다음 각 호의 어느 하나에 해당하는 경우로서 고용노동부장관의 확인을 받
chunk_00216,05_산업안전보건법_시행규칙.txt,66,1499,"지역을 전 국으로 하여 등록한 일반일간신문 등에 공표하고, 관계 부처에 통보해야 한다. <개정 2025. 10. 1.> ② 고용노동부장관은 제1항에도 불구하고 사업주가 신규화학물질의 명칭과 화학물질식별번호(CAS N"
chunk_00217,05_산업안전보건법_시행규칙.txt,67,1499,출처를 함께 적어야 한다. ② 법 제110조제1항제5호에서 “물리ㆍ화학적 특성 등 고용노동부령으로 정하는 사항”이란 다음 각 호의 사항을 말 한다. 1. 물리ㆍ화학적 특성 2. 독성에 관한 정보 3. 폭발ㆍ화재 시의
chunk_00218,05_산업안전보건법_시행규칙.txt,68,1500,물질안전보건자료대상물질을 구성하는 화학물질 중 제141조에 따른 분류기준에 해당하는 화학물질의 명칭 및 함유량(제품명의 변경 없이 구성성분의 명칭 및 함유량만 변경된 경우로 한정한다) 3. 건강 및 환경에 대한 유해
chunk_00219,05_산업안전보건법_시행규칙.txt,69,1500,자료로 적기 위해 승인을 신청하려는 자는 제1항제1호 및 제6호의 자료를 생략하여 제출할 수 있다. ===== PAGE 44 ===== 법제처                                         
chunk_00220,05_산업안전보건법_시행규칙.txt,70,1500,항에서 “다른 대상물질”이라 한다)을 국내 또는 국외에서 제조하는 자 및 그 다른대상물질을 수입하려는 자는 원료가 되는 비공 개대상물질의 물질안전보건자료에 기재된 대체자료(비공개 승인번호 및 유효기간이 포함돼야 한다
chunk_00221,05_산업안전보건법_시행규칙.txt,71,1500,12조제10항제1호 및 제3호에 해당하는 자가 물질안전보건자료대상물질로 인하여 발생한 직업성 질병에 대한 근로자의 치료를 위하여 필요하다고 판단하는 경우 2. 법 제112호제10항제2호에서 제4호까지의 규정에 해당하
chunk_00222,05_산업안전보건법_시행규칙.txt,72,1499,"는 작업공정이 있는 장소 2. 작업장 내 근로자가 가장 보기 쉬운 장소 3. 근로자가 작업 중 쉽게 접근할 수 있는 장소에 설치된 전산장비 ② 제1항에도 불구하고 건설공사, 안전보건규칙 제420조제8호에 따른 임시 "
chunk_00223,05_산업안전보건법_시행규칙.txt,73,1500,1항 및 제2항에 따른 경고표시를 하는 경우에는 물질안전보건자료대상물질 단위로 경고표지를 작성하여 물질안전보건자료대상물질을 담은 용기 및 포장에 붙이거나 인쇄하는 등 유해ㆍ위험정보가 명 확히 나타나도록 해야 한다. 
chunk_00224,05_산업안전보건법_시행규칙.txt,74,1500,에서 물질안전보건자료대상물질을 옮겨 담기 위하여 일시적으로 용기를 사 용하는 경우 제171조(물질안전보건자료 관련 자료의 제공) 고용노동부장관 및 공단은 법 제116조에 따라 근로자나 사업주에게 물 질안전보건자료와 
chunk_00225,05_산업안전보건법_시행규칙.txt,75,1500,"2. 산업보건 관련 조치를 위한 시설ㆍ장치의 명칭ㆍ구조ㆍ성능 등에 관한 서류 3. 해당 사업장의 전체 작업공정도, 각 공정별로 취급하는 물질의 종류ㆍ취급량 및 공정별 종사 근로자 수에 관한 서류 ② 지방고용노동관서의"
chunk_00226,05_산업안전보건법_시행규칙.txt,76,1500,"른 확인 통지가 된 것으로 본다. <개정 2023. 9. 27.> 1. 건축물이나 설비에 석면이 함유되어 있지 않은 경우: 이를 증명할 수 있는 설계도서 사본, 건축자재의 목록ㆍ사진 ㆍ성분분석표, 건축물 안팎의 사진"
chunk_00227,05_산업안전보건법_시행규칙.txt,77,1498,제120조제1항에 따라 석면조사기관으로 지정받으려는 자는 별지 제6호서 식의 석면조사기관 지정신청서에 다음 각 호의 서류를 첨부하여 주된 사무소의 소재지를 관할하는 지방고용노동청 장에게 제출해야 한다. 1. 정관 2
chunk_00228,05_산업안전보건법_시행규칙.txt,78,1500,서류를 첨부하여 주된 사무소의 소재지를 관할하는 지 방고용노동관서의 장에게 제출해야 한다. 1. 영 별표 28에 따른 인력기준에 해당하는 사람의 자격과 채용을 증명할 수 있는 서류 2. 건물임대차계약서 사본이나 그 
chunk_00229,05_산업안전보건법_시행규칙.txt,79,1457,국가법령정보센터 산업안전보건법 시행규칙 제181조(석면해체ㆍ제거작업 신고 절차 등) ① 석면해체ㆍ제거업자는 법 제122조제3항에 따라 석면해체ㆍ제거작업 시 작 7일 전까지 별지 제77호서식의 석면해체ㆍ제거작업 신고서
chunk_00230,05_산업안전보건법_시행규칙.txt,80,1500,항에 따라 석면해체ㆍ제거작업이 완료된 후 에는 별지 제80호서식의 석면농도측정 결과보고서에 해당 기관이 작성한 별지 제81호서식의 석면농도측정 결과표 를 첨부하여 지체 없이 석면농도기준의 준수 여부에 대한 증명자료를
chunk_00231,05_산업안전보건법_시행규칙.txt,81,1500,진에 관한 작업환경측정만 해당한다) 4. 그 밖에 작업환경측정 대상 유해인자의 노출 수준이 노출기준에 비하여 현저히 낮은 경우로서 고용노동부장관이 정하여 고시하는 작업장 ② 안전보건진단기관이 안전보건진단을 실시하는 
chunk_00232,05_산업안전보건법_시행규칙.txt,82,1499,법 제125조제1항에 따른 작업환경측정을 할 때에는 다음 각 호의 사항을 지켜 야 한다. 1. 작업환경측정을 하기 전에 예비조사를 할 것 2. 작업이 정상적으로 이루어져 작업시간과 유해인자에 대한 근로자의 노출 정도
chunk_00233,05_산업안전보건법_시행규칙.txt,83,1500,용노동부장관이 정하여 고 시하는 물질을 취급하는 작업공정은 그렇지 않다. 1. 작업공정 내 소음의 작업환경측정 결과가 최근 2회 연속 85데시벨(dB) 미만인 경우 2. 작업공정 내 소음 외의 다른 모든 인자의 작업
chunk_00234,05_산업안전보건법_시행규칙.txt,84,1500,대차계약서 사본이나 그 밖에 사무실의 보유를 증명할 수 있는 서류와 시설ㆍ장비 명세서 6. 최초 1년간의 측정사업계획서(사업장 부속기관의 경우에는 측정대상 사업장의 명단 및 최종 작업환경측정 결과 서 사본) ② 제1
chunk_00235,05_산업안전보건법_시행규칙.txt,85,1500,등) ① 사업주는 법 제135조제1항에 따른 특수건강진단기관 또는 「건강검 진기본법」 제3조제2호에 따른 건강검진기관(이하 “건강진단기관”이라 한다)이 근로자의 건강진단을 위하여 다음 각 호의 정보를 요청하는 경우 
chunk_00236,05_산업안전보건법_시행규칙.txt,86,1500,"병력, 작업경력 및 자각ㆍ타각증상(시진ㆍ촉진ㆍ청진 및 문진) 2. 혈압ㆍ혈당ㆍ요당ㆍ요단백 및 빈혈검사 3. 체중ㆍ시력 및 청력 4. 흉부방사선 촬영 5. AST(SGOT) 및 ALT(SGPT), γ-GTP 및 총콜레"
chunk_00237,05_산업안전보건법_시행규칙.txt,87,1500,== 법제처                                                            55                                                    
chunk_00238,05_산업안전보건법_시행규칙.txt,88,1499,건강진단 또는 임시건강진단 다. 배치전건강진단의 제1차 검사항목 및 제2차 검사항목을 포함하는 건강진단 2. 해당 사업장에서 해당 유해인자에 대하여 제1호 각 목의 어느 하나에 해당하는 건강진단을 받고 6개월(별표 
chunk_00239,05_산업안전보건법_시행규칙.txt,89,1500,"과 건강수준의 평가가 곤란하거나 질병이 의심 되는 사람에 대하여 고용노동부장관이 정하여 고시하는 바에 따라 실시해야 한다. 다만, 건강진단 담당 의사가 해당 유해인자에 대한 근로자의 노출 정도, 병력 등을 고려하여 "
chunk_00240,05_산업안전보건법_시행규칙.txt,90,1500,"다만, 해당 근로자가 소속한 사업장의 의사인 보건관리자에게 이를 설명한 경우에 는 그렇지 않다. ③ 건강진단기관은 건강진단을 실시한 날부터 30일 이내에 다음 각 호의 구분에 따라 건강진단 결과표를 사업주에 게 송부"
chunk_00241,05_산업안전보건법_시행규칙.txt,91,1500,결과 보고서 등의 제출에 필요한 사항은 고용노동부장관이 정한다. 제211조(특수건강진단기관의 지정신청 등) ① 법 제135조제1항에 따라 특수건강진단기관으로 지정받으려는 자는 별지 제6호서식의 특수건강진단기관 지정신
chunk_00242,05_산업안전보건법_시행규칙.txt,92,1499,지정하는 경우에는 다음 각 호의 기준을 모두 갖추도록 해야 한다.<개정 2024. 6. 28.> 1. 의사 1명당 연간 특수건강진단 실시 인원이 1만명을 초과하지 않을 것 2. 의사 1명당 연간 특수건강진단 및 배치
chunk_00243,05_산업안전보건법_시행규칙.txt,93,1500,"드 발급 대상 업무에서 종사하지 않게 된 첫 해는 제외한다) 1회 받을 수 있다. 다만, 카드를 발급받 은 근로자(이하 “카드소지자”라 한다)가 카드의 발급 대상 업무와 같은 업무에 재취업하고 있는 기간 중에는 그렇"
chunk_00244,05_산업안전보건법_시행규칙.txt,94,1492,국가법령정보센터 산업안전보건법 시행규칙 ② 카드를 잃어버린 사유로 카드를 재발급받은 사람이 잃어버린 카드를 발견한 경우에는 즉시 공단에 반환하거나 폐기해야 한다. ③ 카드소지자가 주소지를 변경한 경우에는 변경한 날부
chunk_00245,05_산업안전보건법_시행규칙.txt,95,1500,"해 등과 관련된 질병 ③ 사업주는 다음 각 호의 어느 하나에 해당하는 경우에는 미리 보건관리자(의사인 보건관리자만 해당한다), 산업보 건의 또는 건강진단을 실시한 의사의 의견을 들어야 한다.<신설 2023. 9. 2"
chunk_00246,05_산업안전보건법_시행규칙.txt,96,1490,"사 참석을 요구받은 경우 사업주, 근로자대표 또는 제1항에 해당하 는 사람에게 참석 시기와 장소를 통지한 후 해당 역학조사에 참석시킬 수 있다. 제224조(역학조사평가위원회) ① 공단은 역학조사 결과의 공정한 평가 "
chunk_00247,05_산업안전보건법_시행규칙.txt,97,1500,부 8. 본인이 사망하거나 다음 각 목의 사람이 시험시행일 7일 전부터 시험시행일까지의 기간에 사망하여 시험에 응시 하지 못한 경우: 납입한 수수료의 전부 가. 수수료를 낸 사람의 배우자 나. 수수료를 낸 사람 본인
chunk_00248,05_산업안전보건법_시행규칙.txt,98,1500,버린 경우는 제외한다) ② 영 제105조제3항에 따른 지도사의 자격증은 별지 제90호의3서식에 따른다.. [본조신설 2023. 9. 27.] 제229조(등록신청 등) ① 법 제145조제1항 및 제4항에 따라 지도사의
chunk_00249,05_산업안전보건법_시행규칙.txt,99,1498,국가법령정보센터 산업안전보건법 시행규칙 제230조(지도실적 등) ① 법 제145조제5항 본문에서 “고용노동부령으로 정하는 지도실적”이란 법 제145조제4항에 따 른 지도사 등록의 갱신기간 동안 사업장 또는 고용노동부
chunk_00250,05_산업안전보건법_시행규칙.txt,100,1500,평가 2. 지도사의 기술지도능력 향상 지원 3. 중소기업 지도 시 지원 4. 불성실ㆍ불공정 지도행위를 방지하고 건실한 지도 수행을 촉진하기 위한 지도기준의 마련 제234조(손해배상을 위한 보험가입ㆍ지급 등) ① 영 
chunk_00251,05_산업안전보건법_시행규칙.txt,101,1500,"① 지방고용노동관서의 장은 법 제155조제3항에 따라 보고 또는 출석의 명령을 하려는 경우 에는 7일 이상의 기간을 주어야 한다. 다만, 긴급한 경우에는 그렇지 않다. ② 제1항에 따른 보고 또는 출석의 명령은 문서"
chunk_00252,05_산업안전보건법_시행규칙.txt,102,1499,고려하여 행정처분을 감경하거나 가중할 수 있다. ===== PAGE 64 ===== 법제처                                                            64        
chunk_00253,05_산업안전보건법_시행규칙.txt,103,759,료는 현금 또는 「전자정부법」 제14조에 따른 정 보통신망을 이용하여 전자화폐ㆍ전자결제 등의 방법으로 납부할 수 있다. 제243조(규제의 재검토) ① 고용노동부장관은 별표 21의2에 따른 휴게시설 설치ㆍ관리기준에 대
chunk_00254,06_광산안전법.txt,1,1500,===== PAGE 1 ===== 법제처                                                            1                                     
chunk_00255,06_광산안전법.txt,2,1499,채굴권의 소멸로 인하여 조광권이 소 멸된 경우에는 그러하지 아니하다. [전문개정 2011. 3. 30.] 제4조 삭제 <1999. 1. 29.> 제2장 광산안전 <개정 2016. 1. 6.> 제5조(광업권자 또는 조
chunk_00256,06_광산안전법.txt,3,1500,"기계”라 한다)를 운전할 때 에는 광산안전상 필요한 다음 각 호의 사항을 준수하여야 한다. <개정 2016. 1. 6.> 1. 광산기계의 운전 중에 보수(補修)ㆍ주유(注油) 또는 청소를 하여서는 아니 된다. 다만, "
chunk_00257,06_광산안전법.txt,4,1485,"자 또는 조광권자, 광산근로자 및 광산안전관리직원은 대통령령으로 정하는 전문기관이 실시하는 안전교 육을 이수하여야 한다. ③ 광업권자 또는 조광권자는 광산근로자와 광산안전관리직원이 전문기관의 교육을 이수할 수 있도록"
chunk_00258,06_광산안전법.txt,5,1500,"0. 1.> [전문개정 2011. 3. 30.] 제9조의2(집적장등) ① 광업권자 또는 조광권자는 이 법 또는 이 법에 따른 명령에 의한 조치를 하여야 할 폐석 또는 광 물찌꺼기의 집적장(集積場), 갱도, 그 밖에 "
chunk_00259,06_광산안전법.txt,6,1499,⑤ 광업권자 또는 조광권자가 제1항에 따라 안전규정을 제정하는 때에는 광산근로자의 대표와 합의하여야 한다. [본조신설 2016. 1. 6.] 제12조 삭제 <1999. 1. 29.> 제13조(광산안전관리직원) ① 광
chunk_00260,06_광산안전법.txt,7,1500,. 10. 1.> ===== PAGE 5 ===== 법제처                                                            5                           
chunk_00261,06_광산안전법.txt,8,1500,에서 광업권자나 조광권자로 본 다. [전문개정 2011. 3. 30.] 제3장 감독기관 <개정 2011. 3. 30.> 제19조(주무관청) ① 광산안전의 감독에 관한 사무는 산업통상부장관이 맡아 처리한다. <개정 2
chunk_00262,06_광산안전법.txt,9,1500,"장관이나 광산안전관에게 신고할 수 있다. <개정 2013. 3. 23., 2016. 1. 6., 2025. 10. 1.> ② 광업권자나 조광권자는 광산근로자가 제1항에 따라 신고하였음을 이유로 해고, 정직, 전직, "
chunk_00263,06_광산안전법.txt,10,1499,"025. 10. 1.> ② 산업통상부장관은 제9조에 따른 광업시설의 성능검사 등의 업무를 대통령령으로 정하는 바에 따라 「한국광해광 업공단법」에 따른 한국광해광업공단에 위탁할 수 있다.<개정 2013. 3. 23.,"
chunk_00264,06_광산안전법.txt,11,1500,"여 제24조 또는 제25조의 위반행위를 하면 그 행위자를 벌하는 외에 그 법인 또는 개인에게도 해당 조문의 벌금 형을 과(科)한다. 다만, 법인 또는 개인이 그 위반행위를 방지하기 위하여 해당 업무에 관하여 상당한 "
chunk_00265,06_광산안전법.txt,12,637,"ㆍㆍ 시행한다. 1. 및 2. 생략 제2조 부터 제6조까지 생략 제7조(다른 법률의 개정) ①부터 <207>까지 생략 <208> 광산안전법 일부를 다음과 같이 개정한다. 제5조의2제2항 단서, 제9조의2제1항, 제1"
chunk_00266,07_광산안전법_시행령.txt,1,1445,===== PAGE 1 ===== 법제처                                                            1                                     
chunk_00267,07_광산안전법_시행령.txt,2,1500,"치ㆍ유지, 노천채굴장에서의 붕괴ㆍ추락 방지시설의 설치 ㆍ유지 등 안전조치 2. 용수(湧水) 방지를 위한 구갱(舊坑) 등에 대한 안전조치: 굴진(掘進) 및 채굴의 제한, 방수설비의 설치ㆍ유지, 선진 천공(先進穿孔: 탐"
chunk_00268,07_광산안전법_시행령.txt,3,1500,응급조치 마. 갱수(坑水) 또는 폐수에 의한 광해 발생을 방지하기 위한 갱수ㆍ폐수의 배출 금지와 갱수ㆍ폐수의 발생시설 및 처리시설의 안전한 관리 및 사고위험 시의 응급조치 ② 광업권자 또는 조광권자는 갑종탄광의 갱도
chunk_00269,07_광산안전법_시행령.txt,4,1483,"1. 5.> 1. 노천채굴장에서의 안전조치: 작업장 주변의 수시검사, 표토(表土)ㆍ부석(浮石: 떨어질 위험이 있는 돌을 말한다) 또는 전석(轉石: 굴러 내릴 위험이 있는 돌을 말한다)의 제거, 보호장구의 착용, 적절"
chunk_00270,07_광산안전법_시행령.txt,5,1500,"ㆍ발파 안전교육 다. 기계ㆍ전기 안전교육 라. 갱외, 광해 안전교육 ③ 제1항 각 호에 따른 전문기관에서 실시하는 안전교육의 이수 시간은 다음 각 호의 구분과 같다. 1. 광업권자 또는 조광권자, 광산안전관리직원: "
chunk_00271,07_광산안전법_시행령.txt,6,1499,11. 용량 50킬로리터 이상의 원유저장탱크 또는 내용적(內容積) 500세제곱미터 이상의 가스저장탱크 12. 육상과 해상에 설치하는 파이프라인 13. 가솔린플랜트 14. 스태빌라이저(stabilizer) 플랜트 15
chunk_00272,07_광산안전법_시행령.txt,7,1500,"에 대하여 다음 각 호의 어느 하나에 해당하는 검사를 받은 후 2년이 지날 때마다 검사(이하 “성능검사”라 한다)를 받아야 한다. 다만, 제10조제1항제15호의 시설을 갱외에서만 사용하는 경우로서 「건설기계관리법」 "
chunk_00273,07_광산안전법_시행령.txt,8,1494,국가법령정보센터 광산안전법 시행령 4. 전기ㆍ기계 설비에 관한 사항 가. 전기설비에 관한 사항 나. 운반에 관한 사항 다. 차량계광산기계 및 광산용자동차에 관한 사항 라. 통행로와 작업 장소에 관한 사항 마. 갱외시
chunk_00274,07_광산안전법_시행령.txt,9,1499,법제처                                                            7                                                       국
chunk_00275,07_광산안전법_시행령.txt,10,1499,기계ㆍ안전관리 관련 학과의 조교수 이상의 직에 있거나 있었던 사람 5. 「과학기술분야 정부출연연구기관 등의 설립ㆍ운영 및 육성에 관한 법률」 제2조에 따른 과학기술분야 정부출연 연구기관 또는 「특정연구기관 육성법」 
chunk_00276,07_광산안전법_시행령.txt,11,1435,"단에 위탁한다.<개정 2021. 8. 31., 2025. 10. 1.> ③ 산업통상부장관은 법 제22조의4제3항에 따라 다음 각 호의 업무를 광산 안전 및 개발 분야에 대한 전문성을 갖 춘 법인 또는 단체 중 산업통"
chunk_00277,08_광산안전법_시행규칙.txt,1,1500,===== PAGE 1 ===== 법제처                                                            1                                     
chunk_00278,08_광산안전법_시행규칙.txt,2,1500,"용 차량을 운전하는 사람은 「국가기술자격법」에 따른 광산보안기능사의 자격을 갖추었거나 「국가기술자격 법」에 따른 로더운전기능사, 「건설기계관리법」에 따른 건설기계조종사면허 등 광산용 차량에 관한 기능사 또는 면 허 "
chunk_00279,08_광산안전법_시행규칙.txt,3,1500,라 설립된 한국지질자원연구원 3. 그 밖에 산업통상부장관이 정하여 고시하는 전문기관 ③ 사무소장은 제1항에 따른 승인을 하는 경우 영 제4조제1항제9호에 따라 채굴구역ㆍ채굴방법ㆍ채굴기간ㆍ복구 계획 등 광해방지를 위한
chunk_00280,08_광산안전법_시행규칙.txt,4,1499,"자는 광업을 중단하거나 광산을 폐광하는 경우에는 다음 각 호의 조치를 하여야 한다. 다만, 「광업법」 제42조의2제2항에 따라 사무소장으로부터 채굴중단인 가를 받은 경우 그 기간 동안 제1호 및 제2호의 조치는 하지"
chunk_00281,08_광산안전법_시행규칙.txt,5,1498,또는 조광권자가 취하여야 할 안전조치에 관한 세부사항과 광산근로자가 위해 또는 광해를 방지하기 위하여 준수하여야 할 기술적인 사항은 안전기준에서 정한다. 제2절 안전교육 제10조(안전교육) ① 법 제7조제2항 및 영
chunk_00282,08_광산안전법_시행규칙.txt,6,1500,경공사를 하려는 경우 가. 광산용 차량 외의 광업시설 1) 계획서 및 계획도 2) 공사설계설명서 3) 설치하려는 갱구의 위치ㆍ규격ㆍ경사ㆍ설치목적 및 갱내 운반방법 등에 관한 설명서(지표에 설치되는 갱구의 경우만 해당
chunk_00283,08_광산안전법_시행규칙.txt,7,1500,"사람”이란 다음 각 호의 어느 하나에 해당하는 사람을 말한다. <개정 2024. 11. 22., 2025. 10. 1.> 1. 제18조제1항제4호마목에 따른 화약ㆍ발파안전계원 2. 한국광해광업공단이 하는 화약류취급에"
chunk_00284,08_광산안전법_시행규칙.txt,8,1500,제정 및 변경 5. 안전교육 6. 재해의 원인 조사와 그 대책 7. 안전계원의 지휘 및 감독 8. 그 밖에 안전에 관한 중요사항 ② 제18조에 따른 안전관리자 선임기준에 해당하지 아니하여 안전관리자를 선임하지 아니한
chunk_00285,08_광산안전법_시행규칙.txt,9,1489,국가법령정보센터 광산안전법 시행규칙 7. 안전감독자 또는 안전감독계원으로부터 통보받은 사항의 시정조치 내용 및 그 결과를 안전감독자 또는 안전감독 계원에게 통보할 것 제23조(안전계원의 준수사항) ① 갱내안전계원은 
chunk_00286,08_광산안전법_시행규칙.txt,10,1500,의 검사를 하는 경우에는 해당 기계ㆍ기구의 검사 일지에 이상 유무 등을 표시하고 기계ㆍ기구의 조작ㆍ보전ㆍ수리ㆍ운전중지 상황과 안전을 위한 조치내용 및 그 밖의 중요 사항을 안전일지에 적을 것 ④ 전기안전계원은 법 제
chunk_00287,08_광산안전법_시행규칙.txt,11,1500,"요 사항을 적을 것 ⑥ 광해안전계원은 법 제13조제4항에 따라 다음 각 호의 사항을 준수하여야 한다. 1. 폐석 및 광물찌꺼기의 유실방지시설의 이상 유무를 점검할 것 2. 갱구의 유출수, 선광장 및 광물찌꺼기 집적장"
chunk_00288,08_광산안전법_시행규칙.txt,12,1440,9                                                       국가법령정보센터 광산안전법 시행규칙 제28조(위험 발생의 보고) ① 광업권자 또는 조광권자는 영 제16조에 따라 작
chunk_00289,08_광산안전법_시행규칙.txt,13,1499,"광산안전도, 채광원도 및 장소 별 생산실적표를 작성하여 사무소장에게 제출하여야 한다. ③ 사무소장은 제1항 및 제2항에 따라 제출된 광산안전도를 한국광해광업공단에 이관하여 보존할 수 있도록 조치 하여야 한다.<개정 "
chunk_00290,08_광산안전법_시행규칙.txt,14,898,"신고 및 시설폐지 신고 기한 5. 제19조에 따른 안전관리직원의 선임 및 해임 신고 기한 6. 제23조에 따른 안전계원의 준수사항 7. 제25조제2항에 따른 안전관리직원의 대리자 선임 신고 기한 부칙 <제1호,202"
chunk_00291,09_광산안전기술기준_제10차개정_2024-12-19.txt,1,1500,===== PAGE 1 ===== - 1 - 광산안전기술기준제정  2017.01.31.제1차 개정  2017.06.30.제2차 개정  2018.01.11.  제3차 개정  2018.09.07. 제4차 개정  2019
chunk_00292,09_광산안전기술기준_제10차개정_2024-12-19.txt,2,1500,"있다. ===== PAGE 3 ===== - 3 - 제6조(유해가스) 광산근로자가 작업하거나 통행하는 갱내 공기중 유해가스는 작업시간 8시간 동안의 평균농도를 기준으로 다음 각 호의 기준치이하로 하여야 한다. 다만,"
chunk_00293,09_광산안전기술기준_제10차개정_2024-12-19.txt,3,1499,"또는 조광권자, 광산안전관리직원이 보호장구의 착용 등으로 안전상 지장이 없다고 인정하는 경우에는 그러하지 아니하다.  1. 최대충격소음의 강도가 115 dB(A)초과 120 dB(A)이하 : １일 1만회이내의 노출 "
chunk_00294,09_광산안전기술기준_제10차개정_2024-12-19.txt,4,1499,(대기압측정기와 온도계) 광산근로자가 갱내에서 작업하는 갑종탄광 및 심도 300 m 이상인 광산에서는 적절한 곳에 대기압측정기와 온도계를 비치하여야 한다. 제15조(입ㆍ배기갱) 입기갱과 배기갱은 각각 다른 위치에 설
chunk_00295,09_광산안전기술기준_제10차개정_2024-12-19.txt,5,1499,된 후 운전을 재개시한 때에는 안전상 필요한 조치를 취한 후가 아니면 위험구역에 송전하거나 광산근로자에게 작업을 시켜서는 안 된다.제18조(보조선풍기) ①보조선풍기는 주요 선풍기만으로 전체 갱도의 통기가 어려울 경우
chunk_00296,09_광산안전기술기준_제10차개정_2024-12-19.txt,6,1500,"의 재료를 사용하여 차단벽을 설치하여야 한다.  ④풍문은 항상 닫아두어야 하며 이를 연 광산근로자는 통과 즉시 이를 닫아야 한다.제21조(풍교) 풍교를 설치할 때에는 누풍이 없도록 하고, 철재류, 콘크리트 등의 재료"
chunk_00297,09_광산안전기술기준_제10차개정_2024-12-19.txt,7,1500,"가 있을 경우 결과자료로 대체할 수 있다. ===== PAGE 11 ===== - 11 - ②제1항의 규정에 의하여 측정한 결과, 이상을 발견할 때에는 필요한 조치를 취하고 이에 관한 사항을 안전일지에 기재하여야 한"
chunk_00298,09_광산안전기술기준_제10차개정_2024-12-19.txt,8,1499,"로 대피시킨 후 울타리 등 기타 방법으로 통행을 완전히 차단하고 일정의 경계표시를 한 후 지체없이 광업권자 또는 조광권자, 광산안전관리직원에게 보고하여야 한다.  ③제1항 및 제2항의 규정은광업권자 또는 조광권자, "
chunk_00299,09_광산안전기술기준_제10차개정_2024-12-19.txt,9,1500,"화시설을 갖추어야 한다.  3. 조명시설을 갖추어야 한다.  4. 갱외사무실과 연결할 수 있는 통신시설을 갖추어야 한다.  ②불의 사용지정장소 외에 광업권자 또는 조광권자, 광산안전관리직원이 불의 사용을 지정하는 장"
chunk_00300,09_광산안전기술기준_제10차개정_2024-12-19.txt,10,1499,진입하지 못하도록 하여야한다.  ②갱내의 경사진 채굴작업장에서는 광석 및 광산버력의 전석방지시설을 설치하여야 한다. ===== PAGE 16 ===== - 16 - ③석탄광산의 경우 채준작업 중에 천반에 공동으로 인
chunk_00301,09_광산안전기술기준_제10차개정_2024-12-19.txt,11,1500,야 한다.  2. 채굴작업전에 낙반 또는 낙석의 우려가 있는 부석은 장비 등을 활용하여 안전한 방법으로 제거하여야 한다.  3. 계단의 최대 높이는 계단 하부의 작업면에서 작업하는 인원의 안전을 위하여 기준안전율을 
chunk_00302,09_광산안전기술기준_제10차개정_2024-12-19.txt,12,1498,===== - 19 - 방안을 강구하여야 한다.  ②갱내 채굴적 또는 현재 가행중인 갱내 채굴장에 인접하여 노천채굴을 할 경우 안전에 관한 예방 조치 내용을 문서로 작성하여 보관하여야 한다.제50조(폐지시의 조치) 
chunk_00303,09_광산안전기술기준_제10차개정_2024-12-19.txt,13,1499,사용 장비의 적정성을 검토하여야 한다.  ②굴착 중인 상향굴착 작업장으로의 기계적인 수단으로 정상적인 진출입을 위해서는 다음 각 호의 사항을 확인하여야 한다.  1. 승갱의 점검 및 재해 발생에 대비하기 위하여 작업
chunk_00304,09_광산안전기술기준_제10차개정_2024-12-19.txt,14,1500,"현황을 기록부에 기록보관하여야 한다.  2. 화약류 보관함의 내부는 목재, 외부는 철재로 견고히 제작하고 안전한 장소에 두어야 한다.  3. 석탄광산의 화약발파안전계원은 발파수첩을 휴대하여야 하며 화약류의 사용현황을"
chunk_00305,09_광산안전기술기준_제10차개정_2024-12-19.txt,15,1500,를 확인하고 또 누구든지 발파지점에 접근하는 것을 방지하고 화약발파안전계원 또는 광산안전법 제10조 제1항에 따른 화약류관리보안책임자 자신도 대피 장소를 미리 선정하여 두어야 한다.    다. 발파 시 그 발파개소에
chunk_00306,09_광산안전기술기준_제10차개정_2024-12-19.txt,16,1500,원 자신이 휴대하여야 하며 발파할 때 이외에는 핸들이나 키를 발파기와 따로 두어야 한다.    2) 발파한 다음에는 즉시 발파기에서 핸들이나 키를 빼서 자신이 휴대 하여야 한다.    3) 발파기는 화약발파안전계원이
chunk_00307,09_광산안전기술기준_제10차개정_2024-12-19.txt,17,1500,충분히 확보한 후  접근하여야 한다.   나. 불발된 장약이 있을 때에는 당해 작업자 입회하에 다음 각항의 ===== PAGE 27 ===== - 27 - 규정에 의하여 처리하여야 한다.    1) 불발된 장약공으로
chunk_00308,09_광산안전기술기준_제10차개정_2024-12-19.txt,18,1500,"로를 차단하여야 한다. 다만, 다음 각 호의 경우에는 예외로 한다.  1. 비상경보설비, 비상조명설비, 폭발위험장소의 환기설비, 위험물보관장소 등의 장치·설비의 가동이 중지되어 사고의 위험이 증가되는 경우  2. 전"
chunk_00309,09_광산안전기술기준_제10차개정_2024-12-19.txt,19,1499,"하여야 한다.  1. 충전전로를 정전시키는 경우에는 제62조에 따른 조치를 하여야 한다.  2. 충전전로를 방호, 차폐하거나 절연 등의 조치를 하는 경우에는 작업자의 신체가 전로와 직접 접촉하거나 전도재료, 공구 또"
chunk_00310,09_광산안전기술기준_제10차개정_2024-12-19.txt,20,1499,"있는 금속제 방책을 사용하거나, 제1항의 표에 정한 접근 한계거리 이내에 설치해서는 안 된다.  ③광업권자 또는 조광권자는 제2항의 조치가 곤란한 경우에는 작업자를 감전위험에서 보호하기 위하여 사전에 위험을 경고하는"
chunk_00311,09_광산안전기술기준_제10차개정_2024-12-19.txt,21,1499,전기기계·기구·배선 또는 이동전선에 대해서는 제61조부터 제66조까지의 규정을 적용하지 않은다.제68조(경계표시의 게시 등) ①전기안전계원 또는 전기안전계원이 지정한 자가 아니면 취급할 수 없는 전기기기 등이 있는 
chunk_00312,09_광산안전기술기준_제10차개정_2024-12-19.txt,22,1500,5 - 제71조(접지극) ①갱내에서의 접지극은 그 묻은 위치와 접지공사의 종류를 표시하여야 한다.  ②접지도체와 접지극의 접속은 전기적으로 완벽하게 접속되도록 하여야 한다.제72조(철판 등의 접지) 강대케이블외의 배
chunk_00313,09_광산안전기술기준_제10차개정_2024-12-19.txt,23,1499,"=== PAGE 37 ===== - 37 - ②갑종탄광의 갱내에서는 압입접속장치를 운전조작용에 사용하여서는 안 된다.  ③개폐기는 전기설비마다 별도로 설치하여야 한다. 다만, 전등배선은 예외로 한다.제79조(전기설비"
chunk_00314,09_광산안전기술기준_제10차개정_2024-12-19.txt,24,1499,2.5 mm2 이상의 연동선 또는 동등이상의 세기 및 굵기의 절연전선(옥외용 비닐절연전선 및 인입용비닐절연전선을 제외한다)을 사용하고 전선상호간의 사이를 적당히 떨어지게 하고 또한 암석 또는 목재와 접촉하지 않도록 
chunk_00315,09_광산안전기술기준_제10차개정_2024-12-19.txt,25,1500,전류 전선 등 또는 수관·가스관이나 이와 유사한 것과의 사이에 절연성의 격벽을 견고하게 시설할 때  3. 제2종 캡타이어케이블 또는 이와 동등이상의 효율과 세기를 가진 전선을 사용할 때제85조(갱내의 개폐장치) ①갱
chunk_00316,09_광산안전기술기준_제10차개정_2024-12-19.txt,26,1500,=== - 42 - 2. 위험지역에 설치되었거나 사용되고 있는 장비들의 제원 및 검사 자료  ②광업권자 또는 조광권자는 광산에서 사용 중인 전기시설ㆍ장비에 변동이 생기면 제1항제1호에 언급된 도면을 즉시 개정하거나 
chunk_00317,09_광산안전기술기준_제10차개정_2024-12-19.txt,27,1500,항을 준수하여야 한다.   1. 노천채굴 작업장 내의 도로에는 야간에 안전하게 통행이 가능하도록 선명하게 볼 수 있는 조명 또는 안내표지를 설치하여야 한 ===== PAGE 44 ===== - 44 - 다.   2.
chunk_00318,09_광산안전기술기준_제10차개정_2024-12-19.txt,28,1499,"양기 브레이크 장치에 이상이 있을 시 가동을 즉시 중단하고, 수리 완료 후 정상 가동하여야 한다.제98조(드럼과 헤드시브 직경) 광업권자 또는 조광권자는 헤드 시브의 홈이 로프 직경의 2배 이상인지를 확인하여야 한다"
chunk_00319,09_광산안전기술기준_제10차개정_2024-12-19.txt,29,1500,장의 승인을 얻은 때에는 예외로 한다.  1. 심도지시기를 설치하여야 한다.  2. 권양초과 및 속도초과로 인한 위험을 방지할 수 있는 시설을 갖추어야 한다.  3. 정전 기타 동력에 이상이 있을 때에 위험을 방지할
chunk_00320,09_광산안전기술기준_제10차개정_2024-12-19.txt,30,1500,AGE 49 ===== - 49 - 의한 안전율이 80% 이하로 감소한 때에는 이를 사용하지 말아야 한다.  ②제1항제1호 및 제2호의 규정은 기관차에 의하여 사람을 운반할 때에 이를 준용한다.제105조(로프의 관리
chunk_00321,09_광산안전기술기준_제10차개정_2024-12-19.txt,31,1498,"있는 경우에는 광업권자 또는 조광권자, 광산안전관리직원의 승인을 얻어야 한다.제110조(인차의 승강) 광산근로자는 인차가 완전히 정지한 후에 승강하여야 한다. 다만, 조차원이 인차의 조작을 하기 위하여 승강할 때에는"
chunk_00322,09_광산안전기술기준_제10차개정_2024-12-19.txt,32,1500,리직원이 배치한 운전원 또는 보수ㆍ유지ㆍ시험작업을 지시받은 자가 아니면 권양기 또는 기관차를 운전하여서는 안 된다.  ②기관차의 운전원이 기관차로부터 떠날 때에는 다른 사람이 운전할 수 없도록 조치하여야 한다.제11
chunk_00323,09_광산안전기술기준_제10차개정_2024-12-19.txt,33,1500,. 작업전 장비의 안전점검을 실시하여 이상이 없음을 확인한 후 조작 및 운전을 하여야 한다.  2. 갱내 및 갱외작업장의 분기점과 굴곡지점 및 주요시설물 부근을 운행할 때에는 일단정지 또는 서행하여야 한다.  3. 
chunk_00324,09_광산안전기술기준_제10차개정_2024-12-19.txt,34,1499,"된 경우에는 사용을 중지하고 즉시 광업권자 또는 조광권자, 광산안전관리직원에게 보고하여 필요한 지시를 받아야 한다.제129조(위해의 방지) ①광산용 차량으로 작업하는 장소에는 당해작업과 관련이 없는 광산근로자를 출입"
chunk_00325,09_광산안전기술기준_제10차개정_2024-12-19.txt,35,1500,야 한다.  5. 차량이 교행할 수 있도록 폭은 주행차량 최대폭의 2.5배 이상이고 길이는 20 m 이상인 교행지점을 도로 1 km마다 1개소 이상 설치하여야 한다.  6. 결빙에 대비하여 모래함 등 안전시설을 설치
chunk_00326,09_광산안전기술기준_제10차개정_2024-12-19.txt,36,1500,"보행하는 데에 불편이 없도록 간격을 유지하여야 한다. 다만, 다음 각 호의 시설이 설치된 경우에는 예외로 한다.  1. 권양장치에 의하여 사람을 승강시키는 수직갱도 또는 사갱  2. 사다릿길이 개설되어 있는 수직갱도"
chunk_00327,09_광산안전기술기준_제10차개정_2024-12-19.txt,37,1500,m마다 중간발판을 마련하여야 한다.  3. 사다리는 그 상단을 0.6 m 이상 올라가게 만드는 등 적절한 시설을 하여야 한다.  4. 사다릿길위에 권양장치를 한 때에는 판자 등으로 사이벽을 설치하여야 한다.  5. 
chunk_00328,09_광산안전기술기준_제10차개정_2024-12-19.txt,38,1499,작업장의 소음과 충격소음을 측정한 결과 제8조의 규정에 의한 기준치이상이 되는 경우에는 소음 및 충격소음을 감소시킬 수 있는 조치를 하여야 한다.  ②제1항의 소음과 충격소음이 크게 발생되는 작업장에서 작업하는 광산
chunk_00329,09_광산안전기술기준_제10차개정_2024-12-19.txt,39,1499,"콘크리트ㆍ벽돌 등의 불연성물질로 견고하게 축조한 것으로 하여야 한다.제155조(화재감지기) 광업권자 또는 조광권자, 광산안전관리직원이 필요하다고 판단한 갱내외시설(기타 유류시설, 벨트컨베이어, 주요변전시설 등)에는 "
chunk_00330,09_광산안전기술기준_제10차개정_2024-12-19.txt,40,1500,"티플러와 선광장은 입기갱구에 근접하여 설치하여서는 안 된다. 다만, 발생 먼지를 제어하여 갱내로 먼지가 들어가지 않도록 시설을 한 경우에는 예외로 한다.제165조(청소) ①티플러 부근에 선광장내에 쌓인 먼지는 정기적"
chunk_00331,09_광산안전기술기준_제10차개정_2024-12-19.txt,41,1499,"- 호의 조치를 한 경우에는 예외로 한다.  1. 탑승설비가 뒤집히거나 떨어지지 않도록 필요한 조치를 하여야 한다.  2. 안전대나 구명줄을 설치하고, 안전난간을 설치할 수 있는 구조인 경우에는 안전난간을 설치하여야"
chunk_00332,09_광산안전기술기준_제10차개정_2024-12-19.txt,42,1499,는 2곳 이상으로 구분하여야 한다.제178조(수량조절댐의 설치) 갱내수의 급작스런 출수를 방지하기 위하여 수량조절댐을 설치하는 경우에는 다음 각 호를 따라야 한다.  1. 댐의 위치는 암석의 굳기 및 다른 작업장에 
chunk_00333,09_광산안전기술기준_제10차개정_2024-12-19.txt,43,1499,"채굴작업을 함에 있어서 다음 각호의 경우에는 작업을 중지하고 갱내수의 집적 여부 및 돌출성 출수 가능성, 갱도변형 실태 등을 사무소장이 인정한 광업자원분야 전문가의 조사 결과를 반영한 안전관리계획을 수립·이행하여야 "
chunk_00334,09_광산안전기술기준_제10차개정_2024-12-19.txt,44,1499,"사항  7. 공사현장에서의 비상사태에 대비한 비상연락망, 비상동원조직, 경보체제, 응급조치 및 복구에 관한 사항 ===== PAGE 74 ===== - 74 - 제10장 광해의 방지제1절 통칙제182조(광해 예방 및"
chunk_00335,09_광산안전기술기준_제10차개정_2024-12-19.txt,45,1500,자는 제1항의 규정에 따라 폐갱도에 대한 광해방지조치를 안전하게 조치한 때에는 관련된 광산안전도 각 1부를 관할 사무소장 및 한국광해광업공단 사장에게 제출하여야 한다.  ③광업권자 또는 조광권자는 제2항의 규정에 따
chunk_00336,09_광산안전기술기준_제10차개정_2024-12-19.txt,46,1500,등)은 별도의 적치장에 적치할 것  2. 제1호의 광업폐기물은 운반시 날림 및 유출을 방지할 것  3. 기름류ㆍ축전차축전지 등의 유해한 광업폐기물은 지하로 침투하지 않도록 보관시설을 사용할 것  4. 유해한 광업폐기
chunk_00337,09_광산안전기술기준_제10차개정_2024-12-19.txt,47,1500,음 각 호의 시설 중 그 광해 방지에 필요한 정화시설을 설치하여야 한다.   1. 물리적 처리시설  2. 기계식 및 물리화학적 처리시설  3. 자연정화 처리시설제194조(갱수 및 폐수의 배출기준) 갱수 및 폐수의 배
chunk_00338,09_광산안전기술기준_제10차개정_2024-12-19.txt,48,1499,안전규정에 정할 사항) 광해방지를 위한 소음에 관하여 규정할 사항은 다음 각 호와 같다.  1. 소음발생시설과 방지시설의 관리에 관한 사항  2. 소음측정에 관한 사항  3. 시설의 고장ㆍ파손 기타 사고발생시 조치에
chunk_00339,09_광산안전기술기준_제10차개정_2024-12-19.txt,49,1499,"다만 제11조 제4항은 2021년 6월 30일까지 시행하되, 광산안전위원회에서 이 조항의 효력 유지에 대한 검토를 하고 개정 등의 조치를 한다.부 칙이 기준은 산업통상자원부 장관의 승인을 받은 날로부터 시행한다. 부"
chunk_00340,09_광산안전기술기준_제10차개정_2024-12-19.txt,50,1499,"86 - 구 분 내 용 3. 구호대원의    임무 마. 구호반원재해 발생시 비상소집에 신속히 응대하여 필요한 구호장비를 착용하고 반장의 지휘하에 재해 발생지점의 검사, 인명구조, 통풍, 밀폐, 소화, 운반, 보수작업"
chunk_00341,09_광산안전기술기준_제10차개정_2024-12-19.txt,51,1220,"상황, 대원 선임  및 해임 년‧월‧일, 장비사용 기록부, 기타 필요한 사항나. 구호대 명부 : 대원의 직위·생년월일·성명, 기초훈련수료 년‧월‧일, 대원의 선․해임 년‧월‧일, 훈련 및 출동 사항, 기타 필요한 사"
chunk_00342,10_광산안전업무_처리지침_2025-35_latest.txt,1,1499,"===== PAGE 1 ===== - 1 - 산업통상부 고시 제2025-35호광산안전법 시행령 제2조,제8조,제10조,제14조,같은 법 시행규칙 제2조,제4조,제17조에 따른광산안전업무 처리지침을 다음과 같이 변경 "
chunk_00343,10_광산안전업무_처리지침_2025-35_latest.txt,2,1500,류가 제출되지 아니한 경우에 공단은 이를 보완조치하거나 검사신청서를 반려할 수 있다. ②공단은 제1항에 따라 검사신청서를 접수하면 접수일로부터 15일 이내에 검사를 실시하고 그 결과를 신청인에게 통보하여야 한다.다만
chunk_00344,10_광산안전업무_처리지침_2025-35_latest.txt,3,1499,"성능검사 등 위탁 업무에 대해 공단 사장에게개선,보완 등의 조치를 할 수 있다.  제3장 광산안전관리직원의 선·해임제8조(광산안전관리직원의 정원)①법 제13조 및 규칙 제18조에 따른 해당 광산안전관리직원의 정원은 "
chunk_00345,10_광산안전업무_처리지침_2025-35_latest.txt,4,1499,"신고서에다음 각 호의 서류를 첨부하여 한국광업협회에 제출하여야 한다.1.겸직 대상 광산의 광업권자 또는 조광권자 및 광산근로자의 수2.주된 소속 광산과 겸직 광산간 거리,위치도 및 교통수단제11조(안전관리직원 선임기"
chunk_00346,10_광산안전업무_처리지침_2025-35_latest.txt,5,1500,"산안전관리 감독체계와 운영 현황2.광산안전관리직원 확보 상태3.안전에 관련한 각종 일지와 기록문서의 보존 현황4.안전교육 실시 계획,실적 및 해당 시설 현황5.성능검사 및 시설의 관리사항6.광산안전장비,응급구호용품 "
chunk_00347,10_광산안전업무_처리지침_2025-35_latest.txt,6,1500,"광산안전관은 재해조사를 보조할 수 있다. ②사무소장은 제21조 및 제22조에 따라 재해조사를 실시하고,그 결과를 별지 제4호서식에 따라 기록·보존하여야 한다.제21조(재해조사의 기본사항)광산안전관은 재해조사를 할 때"
chunk_00348,10_광산안전업무_처리지침_2025-35_latest.txt,7,1499,경영의 방법 변경 및 기타 안전상 조치할 사항이 일부 장소에 국한되거나경미한 사항이라고 판단될 경우 이를 시정하도록 조치하는 것을 말한다. ②제24조제1호의 시정지시는 안전검사 및 재해조사를 행한 광산안전관이 광산 
chunk_00349,10_광산안전업무_처리지침_2025-35_latest.txt,8,1499,에 따라 안전명령을 하였으나 이를 이행하지 아니하여 이행하도록 촉구를 하였음에도 불구하고 정당한 사유없이 이를 이행하지 아니한 경우3.제20조에 따른 재해조사 과정에서 사고의 원인이 법령을 위반하여 발생한것으로 확인
chunk_00350,10_광산안전업무_처리지침_2025-35_latest.txt,9,1500,이산화황 ③제1항에 따른 유해가스의 측정은 다음 각 호의 방법으로 실시한다.1.갱내공기 중 유해가스 측정은 갱내에서 동시에 사용하는 광산용 차량을 1시간 이상 가동시킨 후 측정한다.2.갱내공기 중 유해가스 측정 장소
chunk_00351,10_광산안전업무_처리지침_2025-35_latest.txt,10,1500,"ㅇ 선광장(원동기를 사용하지 아니하는 건식의 것은 제외) ㅇ 파쇄기,분쇄기,마광기 등의 구조 및 처리용량ㅇ 200kW이상의 동력을 사용하는 갱내의 양수기 및 이에 부속되는 전기시설ㅇ 양수기의 구조 및 형식ㅇ 200k"
chunk_00352,10_광산안전업무_처리지침_2025-35_latest.txt,11,1500,"계산서-로프의 종류,구조,길이,직경 및 규격,파단하중-신호장치의 구조-기타 부속장치 및 안전시설 등 - 18 - 구분 계획서 및 계획도공사설계설명서 100kW이상의 동력을 사용하는벨트컨베이어 ㅇ 계획서-공사 개요 및"
chunk_00353,10_광산안전업무_처리지침_2025-35_latest.txt,12,1499,및 구조설명도-양수기실의 주요 치수 및 구조 설명도-저수지의 주요 치수 및 구조설명도-배수계통도-부하계통도 및 전기 회로도(접지 및 지락 차단장치 표시) -시설의 제원구분양수기전동기형식용량회전수양정및 전원중량 형 단
chunk_00354,10_광산안전업무_처리지침_2025-35_latest.txt,13,1500,"소의 수 및 근무교대 횟수에 따라 조정가능 갱내채굴광산ㅇ 근로자 300명 이상을 고용하는 광산은 300명까지 1명,600명까지 2명을 선임하고,이후 매 300명마다 1명을추가 선임작업 개소의 수 및 근무교대 횟수에 "
chunk_00355,10_광산안전업무_처리지침_2025-35_latest.txt,14,1500,"진 사람으로 선임 〃 - 24 - [별표 4] 먼지 발생 방지(제35조 관련)1. 먼지 측정 방법 가. 대상: 저탄장, 광미장, 선광장, 선탄장, 파쇄시설(파쇄기, 분쇄기, 마광기 등), 석탄 Hopper, 운반도로"
chunk_00356,10_광산안전업무_처리지침_2025-35_latest.txt,15,1493,2. 발파 시 외부로 배출되는 소음 및 지반진동 기준  가. 측정 장소: 대상 구조물의 기초 부근  나. 기준   1) 소음기준구분 낮 밤소음 dB(A)80이하 60이하   2) 진동기준구분문화재주택 및 아파트상가(
chunk_00357,10_광산안전업무_처리지침_2025-35_latest.txt,16,1494,)광업권광산명 등록번호소재지 (전화번호:                       )광종명 광산안전관리직원 구분[    ] 안전관리자      [    ] 안전감독자[    ] 안전계원        [    ] 안전감
chunk_00358,10_광산안전업무_처리지침_2025-35_latest.txt,17,1487,"재해발생에 따른 안전상 미조치 상황 등을 육하원칙에 의거 기재함관련자위반사항(범죄사실)광산안전법 위반 규정 6. 사고예방 대책  * 시정조치, 안전명령 또는 사건송치로 조치할 사항을 기입한다. 7. 사고 조사자첨부 "
chunk_00359,10_광산안전업무_처리지침_2025-35_latest.txt,18,807,광산명: 나. 소재지:                                      (전화 :              ) 다. 광업권자(조광권자) 라. 광종:                             
chunk_00360,11_안전보건관리체계_구축_가이드북.txt,1,1500,===== PAGE 1 ===== 산업재해 예방을 위한 안전보건관리체계 가이드북 이 가이드북은 안전보건관리체계를 구축하고 이행하는 데 참고할 내용을 정리한 것으로 법적인 효력이 있는 것은 아닙니다. 기업의 특성과 환
chunk_00361,11_안전보건관리체계_구축_가이드북.txt,2,1500,"--------------------------------110 코오롱인더스트리㈜ 울산공장 --------------------------------------114 깐깐한 평가와 빠른 개선, ‘자체감사제도’ 덕분에"
chunk_00362,11_안전보건관리체계_구축_가이드북.txt,3,1499,"산업재해를 명시하고, 업무상 사망·부상·질병 건수와 조치내용을 명시하도록 권고 미국 US steel사는 계속되는 산업재해를 줄이기 위해 ‘생산제일’이었던 경영방침을 「안전제일(Safety First), 품질제이(Qu"
chunk_00363,11_안전보건관리체계_구축_가이드북.txt,4,1499,4조] ①  사업주 또는 경영책임자등은 사업주나 법인 또는 기관이 실질적으로 지배·운영· 관리하는 사업 또는 사업장에서 종사자의 안전·보건상 유해 또는 위험을 방지 하기 위하여 그 사업 또는 사업장의 특성 및 규모 
chunk_00364,11_안전보건관리체계_구축_가이드북.txt,5,1500,", 위험장소 등에 대한 리스트를 관리한다. 7.  사업장에서 발생할 수 있는 재해 시나리오와 이에 대한 대응방안을 1개 이상 작성한다 8.  도급·용역·위탁 업체 선정 시, 수급인 등의 안전보건 수준을 고려하여 선정"
chunk_00365,11_안전보건관리체계_구축_가이드북.txt,6,1499,"을 때 안전성을 검토하는 별도의 절차가 있다. 7.   안전보건 문제에 관한 논의 시 수급인의 의견도 반영될 수 있는 절차를 운영한다. 8.   수급인과 함께 정기적으로 안전점검을 실시하고, 문제점을 개선한다. 9."
chunk_00366,11_안전보건관리체계_구축_가이드북.txt,7,1500,산업재해 및 아차사고를 조사합니다. 위험기계·기구·설비 등을 파악합니다. 유해인자를 파악합니다. 위험장소 및 작업형태별 위험요인을 파악합니다. 위험요인 파악 위험요인을 바탕으로 ‘시나리오’를 작성합니다. ‘재해 발생
chunk_00367,11_안전보건관리체계_구축_가이드북.txt,8,1499,"표를 정하고 정기적으로 평가합니다.(자세한 내용은 110p 참고) 사업장 내 공장 신축, 공정·설비·화학물질 변경 등 작업환경 변화가 있는 경우 사전에 안전보건 확보방안*도 마련합니다. * 해당 작업과 연관된 수급인"
chunk_00368,11_안전보건관리체계_구축_가이드북.txt,9,1500,"·대체 및 통제 (자세한 내용은 60~63p 참고) ===== PAGE 20 ===== 19 실행방법 사업장 안전보건 확보를 위한 충분한 인력이 있는지 확인하고, 부족한 경우에는 추가로 확보합니다. 안전보건관리체계 "
chunk_00369,11_안전보건관리체계_구축_가이드북.txt,10,1500,를 전담하는 조직을 설치 <중대법 제4조제1항 및 시행령 입법예고안 제4조제5호> * 상시근로자 수가 500명 이상인 사업 / 사업장 또는 시공능력 200위 이내 건설회사 자원 배정 관련 21 ===== PAGE 2
chunk_00370,11_안전보건관리체계_구축_가이드북.txt,11,1500,"한 기술, 산재 통계 유지·관리·분석 등에 대한 지도·조언 및 보좌 보건 관리자 (18조) 업종별 상이 - (건설) 800억 원↑ * 토목공사는 1,000억 원↑ - (제조 등) 50명↑ *   300명↑ 사업장은 "
chunk_00371,11_안전보건관리체계_구축_가이드북.txt,12,1498,"‘안전’을 전담하는 독립적인 조직을 구성했다. 현재 CSO 산하 3개 팀(안전보건팀, 안전점검팀, 안전혁신학교)에 28명, 각 부 문 및 사업본부에는 5개 팀 16명, 113곳의 현장에는 안전관리자 316명과 보건 "
chunk_00372,11_안전보건관리체계_구축_가이드북.txt,13,1499,"제안해 4월부터 시행된 제도다. 대심도 터널, 장대 교량 등 24시간 교대작업을 하는 인프라 건설현장은 한 번의 사고가 대형사고 로 이어질 위험이 높다. 안전소장은 이런 고위험 및 대형 현장에서 기술사고 예 방을 위"
chunk_00373,11_안전보건관리체계_구축_가이드북.txt,14,1499,"잠재된 위험에 대해 가장 잘 알고 있는 현장 작업자의 참여가 반드시 필요합니다. 실행방법 안전보건 경영방침과 목표, 산업안전보건법령의 주요 내용, 안전보건관리규정, 산업 안전보건위원회 의결사항 등을 홈페이지 등에 게"
chunk_00374,11_안전보건관리체계_구축_가이드북.txt,15,1500,실시하는 회의로 안전 확보를 위한 세부 작업방법 등을 논의 하고 결정 유의사항  관리감독자는 주요 위험 요인을 공유하고 자유로운 토의를 유도 ‘안전한 작업방법’ 선택을 목적으로 논의 가급적 전원이 합의한 작업방법으로
chunk_00375,11_안전보건관리체계_구축_가이드북.txt,16,1499,법령 산업안전보건법령 주요 내용 게시 사업주는 산업안전보건법의 주요 내용을 근로자가 쉽게 볼 수 있는 장소에 게시하거나 널리 알려야 함 <산안법 제34조> 안전보건관리규정 작성·변경 안전보건관리규정*은 산업안전보건위
chunk_00376,11_안전보건관리체계_구축_가이드북.txt,17,1500,"제품(초산, 초산비닐)을 생산하는 기업이다. 1989년 공장건설 단계부터 합작회사인 세계적인 석유기업 BP(브리티시페트롤리엄)社의 안전관리시스템을 적용했고, 30여 년간 ‘안전이 최우선’이라는 확고한 철학 아래 모든"
chunk_00377,11_안전보건관리체계_구축_가이드북.txt,18,1500,"회씩, 일주일간 오직 ‘안전’만 생각하면서 집중적으로 안전활동을 하죠. 월요일 출근길에 공장장과 팀장들이 정문에서 안전구호를 외치고 직원들에게 비타 민제 등을 나눠주는 ‘안전 캠페인’을 시작으로 다양한 프로그램을 진"
chunk_00378,11_안전보건관리체계_구축_가이드북.txt,19,1499,"일간, 월간, 분기별, 반기별, 연간 점검업무 사항과 결 과를 등록해 관리하는 프로그램이다. 본인은 물론 다른 근로자의 점검현황까지 파악할 수 있고 점검 및 관리업무 누락문제도 해결할 수 있다. “‘안전하지 않으면 "
chunk_00379,11_안전보건관리체계_구축_가이드북.txt,20,1498,"아차사고 공유 채팅방 개설, 우수발굴자 포상제 도입 등 활용 사고 조사 시에는 안전보건 담당자 및 전문가를 중심으로 하되, 해당 작업자 또는 동종· 유사 작업자가 참여해야 합니다. 산업재해 및 아차사고를 조사합니다 "
chunk_00380,11_안전보건관리체계_구축_가이드북.txt,21,1499,"면허자격 타워크레인 마스트, 케이지, 턴테이블, 지브 등으로 구성되며, 트롤리의 후크에 양중물을 매달아 현장 내 자재의 수직 · 수평운반 및 이동을 담당 형태에 따라 T형과 러핑형으로 크게 나뉘며, 건설현장 내 거푸"
chunk_00381,11_안전보건관리체계_구축_가이드북.txt,22,1499,"개 장착해 구멍을 만듦 땅이나 암석을 파거나 뚫을 때 사용 반경 내 충돌, 전도 및 협착 등 최근 5년간 7명 사망 건설기계 검사 운전원 면허자격 도저 무한궤도를 돌려서 고르지 않은 곳을 앞쪽에 달려 있는 블레이드를"
chunk_00382,11_안전보건관리체계_구축_가이드북.txt,23,1499,"해 현황, 관리제도) 산업용 로봇 산업자동화 응용을 위한 자동제어와 프로그램이 가능한 3축 이상 메니퓰레이터를 구비하고 고정 또는 이동이 가능한 로봇 보다 정확하고 신속하게 위험 하거나 반복적인 작업을 수행하기 위함"
chunk_00383,11_안전보건관리체계_구축_가이드북.txt,24,1498,"센터 ☎ 1644-4544 ===== PAGE 52 ===== 51 실행방법 화학제품 제조·수입자가 의무적으로 제공하는 물질안전보건자료(MSDS)에 있는 화학 물질의 명칭, 유해·위험성 정보, CAS번호를 확인합니다"
chunk_00384,11_안전보건관리체계_구축_가이드북.txt,25,1499,"설비, 유해인자’ 및 '재해유형*'과 연계**하여 파악합니다. * 떨어짐, 끼임, 맞음, 부딪힘, 깔림·뒤집힘, 화재·폭발·누출, 질식, 폭염 등 ** 예시 •사출성형기(위험기계) 수리작업(비정형작업) 시, 끼임 재"
chunk_00385,11_안전보건관리체계_구축_가이드북.txt,26,1499,"했거나, 근로자가 회전체에 접근하면 멈추도록 설치된 센서가 제대로 작동했다면 막을 수 있었던 사고였다. 사고를 겪고 나니 현장이 보였습니다 안전보건, 다시 시작합니다 “ ” ===== PAGE 58 ===== 57 "
chunk_00386,11_안전보건관리체계_구축_가이드북.txt,27,1499,"도 손질했다. 10%에 불과했던 안전관리 평가 비율을 30%로 높였다. 생산 속도에 만 관심을 두었던 분위기가 안전을 챙기는 분위기로 전환되었다. 안전보건 관련 인력도 보강했다. 최고안전책임자(CSO, Chief S"
chunk_00387,11_안전보건관리체계_구축_가이드북.txt,28,1500,’을 예측하여 위험요인별 우선순위를 정합니다. 실행전략 _ 1 위험요인 제거·대체 및 통제 0404 ===== PAGE 62 ===== 61 실행방법 위험요인별 제어방안은 제거  대체  통제 순으로 검토합니다. 위험
chunk_00388,11_안전보건관리체계_구축_가이드북.txt,29,1500,"구 사용 밀폐공간 밀폐공간 내부 기계·기구 제거 * 예: 내부모터 외부모터 환기·배기장치 설치, 유해가스 경보기 설치 출입금지 표지판 설치, 작업허가제 도입, 감시인 배치 송기마스크 ===== PAGE 64 ===="
chunk_00389,11_안전보건관리체계_구축_가이드북.txt,30,1499,"전 검사 여부를 확인합니다. * 「산업안전보건법에 따른 위험기계·기구 관리」 참고(70p) ➋   원동기, 회전축, 기어 및 체인 등 끼임 위험이 있는 위험기계·기구는 덮개, 울 설치 등 위험 방지 조치를 해야 합니"
chunk_00390,11_안전보건관리체계_구축_가이드북.txt,31,1499,위해 송기마스크 없이 밀폐공간에 진입했다가 사망한 사례 다수 송기마스크 없이 밀폐공간에 진입하지 않도록 교육·훈련 철저 최근 10년 간(2011~2020년) 밀폐공간 질식 재해자 316명 중 168명 사망(53.2%
chunk_00391,11_안전보건관리체계_구축_가이드북.txt,32,1500,"GE 71 ===== 위험기계·기구는 위험의 종류별로 방호조치, 안전인증·자율안전확인신고 및 안전검사 대상으로 분류됩니다. 방호조치 동력으로 작동하며, ① 작동 부분에 돌기 부분이 있는 기계·기구 ② 동력전달 부분 "
chunk_00392,11_안전보건관리체계_구축_가이드북.txt,33,1500,리프트 ⑧공작기계 ⑨고정형 목재가공용기계 ⑩인쇄기 ①프레스 ②전단기 ③ 크레인 (정격 하중 2톤 미만 제외) ④리프트 ⑤압력용기 ⑥곤돌라 ⑦ 국소 배기장치 (이동식 제외) ⑧원심기 (산업용 해당) ⑨ 롤러기 (밀폐형
chunk_00393,11_안전보건관리체계_구축_가이드북.txt,34,1500,"제5장), 온도·습도(제6장), 방사선(제7장), 병원체(제8장), 분진(제9장), 밀폐공간(제10장), 사무실(제11장), 근골격계부담작업(제12장), 기타(제13장) 73 ===== PAGE 75 ===== 위험"
chunk_00394,11_안전보건관리체계_구축_가이드북.txt,35,1500,"회’, ‘안전보건협의체’ 등을 활용하여 안전보건 확보를 위해 필요한 정보를 정기적으로 제공합니다. 교육·훈련 내용은 동영상 및 문서로 정리하여, 사내 인트라넷 등을 통해 언제든지 다시 볼 수 있도록 조치합니다. 급박"
chunk_00395,11_안전보건관리체계_구축_가이드북.txt,36,1499,"을 실시해야 합니다.(산안법 제77조제2항) * ① 건설기계 운전자 ② 골프장 캐디 ③ 택배원(택배사업, 퀵서비스) ④ 대리운전 기사 78 ===== PAGE 80 ===== 안전보건관리책임자 등 안전보건관리책임자,"
chunk_00396,11_안전보건관리체계_구축_가이드북.txt,37,1500,. 본사 및 협력사의 설계사 와 구조기술사들은 도면작성과 구조계산 등을 통해 안전작업 계획을 수립한다. 등급 위험의 정도 주요 관리기준 CA 절대적 高위험 HSE부문 검토·승인 / 위험등급 하향조정 불가 / 공사팀장
chunk_00397,11_안전보건관리체계_구축_가이드북.txt,38,1499,위험성평가 사전활동 실시 연간·월간·일일 안전관리 계획 수립으로 주기별 안전관리 활동사항 공유·실천 일일 ‘작업안전회의’ 개최 및 결정사항은 ‘TBM(작업 전 안전미팅)’에서 전파 안전보건관리체계 point ====
chunk_00398,11_안전보건관리체계_구축_가이드북.txt,39,1499,"형으로 화학물질의 누출 위험이 있는 경우 밀폐공간 작업 전 산소농도 측정을 하지 않은 경우 유해 화학물질을 밀폐하는 설비에 국소배기장치를 설치하지 않은 경우 여기서 잠깐 산업재해가 발생할 급박한 위험이 있는 경우, "
chunk_00399,11_안전보건관리체계_구축_가이드북.txt,40,1500,대량의 화학물질을 다루는 공장이라면 공정 중단은 심각한 인명 피해 및 환경오염으로 이어질 수 있다. 고도의 기계설비를 점검하고 재가동하기까지 막대한 금전적·시간적 손실도 감수해야 한다. 우수사례 ===== PAGE 
chunk_00400,11_안전보건관리체계_구축_가이드북.txt,41,1499,"고 재해자 가족과 연락했다. 사고 초기 119 및 지방노동관서 신고 여부 와 보험처리 여부도 확인하고, 사고원인 조사결과도 관리했다. 이러한 훈련과 정을 통해 나타난 문제들은 경영진 보고를 거쳐 개선안을 마련했다. "
chunk_00401,11_안전보건관리체계_구축_가이드북.txt,42,1500,"기서 잠깐 ===== PAGE 96 ===== 95 실행방법 도급·용역·위탁 등 계약을 할 때는 계약서에 사업장 안전보건 확보를 위해 필요한 조건*을 명시합니다. *  (예) 안전보건관리규정 제출, 표준작업계획·작업"
chunk_00402,11_안전보건관리체계_구축_가이드북.txt,43,1500,관리체계 구축 및 이행을 통해 소속 직원뿐만 아니라 사업장 내 모든 구성 원에 대한 안전보건을 확보해야 합니다. *  사내 상주 협력업체 등이 아닌 공급업체 소속 직원 등의 실수로도 중대재해가 발생할 수 있음을 유의
chunk_00403,11_안전보건관리체계_구축_가이드북.txt,44,1500,산업재해가 발생하지 아니하도록 안전보건 확보 의무를 하여야 함 <중대재해처벌법 제5조> 도급인의 안전보건 조치 도급인은 관계수급인 근로자가 도급인 사업장에서 작업을 하는 경우 산업재해 예방을 위한 조치를 하여야 함 
chunk_00404,11_안전보건관리체계_구축_가이드북.txt,45,1499,사업 등을 영위하는 삼성전자㈜ DS(Device solutions)는 작업 도중 위험을 감지하면 즉시 중단할 수 있는 ‘작업 중지권’을 모든 근로자에게 적극적으로 알리고 있다. 작업중지권 행사를 독려하기 위해 표준계
chunk_00405,11_안전보건관리체계_구축_가이드북.txt,46,1500,계 약 물량이 그대로인 상태에서 작업이 중지될 때 납기일 지연이나 인건비 손실을 감수 해야 했기 때문에 섣불리 작업을 중지할 수 없다고 하더군요. 협력업체 소속 근로자 들 역시 작업중지로 인해 계약기간 동안 임금이 
chunk_00406,11_안전보건관리체계_구축_가이드북.txt,47,1500,": 환경안전조직 구성, 법적 선임자 위험성평가: 위험성평가 건강지수, 건강검진 등 교육 및 기록: 법적교육, 인증교육 등 운영관리  위험물질 및 설비: 보호구, 작업환경 측정, MSDS 등 비상대책: 비상훈련, 비상"
chunk_00407,11_안전보건관리체계_구축_가이드북.txt,48,1499,"관리 역량을 확인 할 수 있다. 반면, 수시 도급사업은 저장탱크, 펌프, 배관 등의 개선공사를 위해 ○○물류센 터에서 필요한 상황에 따라 한시적으로 계약을 맺어 각 업체의 사정을 파악하 기가 현실적으로 쉽지 않다. "
chunk_00408,11_안전보건관리체계_구축_가이드북.txt,49,1499,휴게시간 등을 관리한다. 휴식 및 식사 등으로 작업이 중단되었다가 재개할 때도 작업 전에 시행한 안전점검은 그대로 다시 진행된다. 1  중량물 작업 접근 금지 2  고소작업 추락 방지 3  에너지 차단 4  적정 보
chunk_00409,11_안전보건관리체계_구축_가이드북.txt,50,1500,에는 목표가 올바르게 설정되었는지 점검하여 개선합니다. 경영방침 게시 건수(온·오프라인) 안전보건 경영방침에 대한 근로자 인지율 안전보건 예산·인력 증감률 근로자의 위험요인·아차사고 신고 건수 산업안전보건위원회 개최
chunk_00410,11_안전보건관리체계_구축_가이드북.txt,51,1500,및 시행령 입법예고안 제5조제2항> 113 ===== PAGE 115 ===== 114 주요사업   석유수지 제조 설립연도   1957년 대  표  자   장희구 근로자 수   154명 소  재  지   울산시 남구
chunk_00411,11_안전보건관리체계_구축_가이드북.txt,52,1499,"전문업체 용역 전사 Cross 꼼꼼한 자체감사로 8개 사업장의 안전관리 체크 자체감사는 작업절차서 이행부터 위험성평가 등 안전보건관리체계 전반에 걸 친 지침사항을 중심으로 진행한다. 서류 분석, 현장확인 등을 통해 "
chunk_00412,11_안전보건관리체계_구축_가이드북.txt,53,1499,"에 적합한 안전보호구를 착용하고 작업한다. 물류 상하차 작업 시 작업지휘자 입회하에 작업한다. 세이프티 골든 룰(Safety Golden Rules) ===== PAGE 120 ===== 119 “법규 때문에, 평가"
chunk_00413,11_안전보건관리체계_구축_가이드북.txt,54,1500,"교통수단을 운영 하거나 인체에 해로운 원료나 제조물을 취급하면서 안전·보건 조치의무를 위반 하여 인명피해를 발생하게 한 사업주, 경영책임자, 공무원 및 법인의 처벌 등을 규정함으로써 중대재해를 예방하고 시민과 종사자"
chunk_00414,11_안전보건관리체계_구축_가이드북.txt,55,1500,산을 확보 입법예고한 시행령에 담긴 내용 125 ===== PAGE 127 ===== 사업주 또는 경영책임자 등이 제3자에게 도급·용역·위탁 등을 한 경우(실질적 지배· 운영·관리 시) 제3자의 종사자의 안전·보건 
chunk_00415,11_안전보건관리체계_구축_가이드북.txt,56,1499,"스 신축공사 현장에서 외벽 마감작업이 진행되었다. 외벽 미장작업을 맡은 A는 강관비계 작업발판 3단에서 발판 상부구간 작업을 완료한 후, 발판 하부구간 작업을 위해 2단으로 이동하던 중 높이 약 5.7m아래의 바닥으"
chunk_00416,11_안전보건관리체계_구축_가이드북.txt,57,1499,등 개인보호구 미사용 ➍ 작업지휘자 부재 재해예방 대책 ➊ 안전한 달비계 사용 ➋ 기본 안전수칙에 대한 정기적인 교육 실시 ➌ 작업 전 안전미팅 활동(TBM) 실시 ➍ 작업 전 관리감독자가 기본 안전수칙 준수 여부 
chunk_00417,11_안전보건관리체계_구축_가이드북.txt,58,1499,"확보가 답이다 2021년 4월, 북구의 한 샘물제조 사업장에서 일하던 D가 물류운반을 하는 사내 도로를 걷던 중 뒤에서 오던 지게차에 부딪혀 넘어지면서 바퀴에 깔려 사망했다. 지게차는 전조등, 후미등, 헤드가드, 백"
chunk_00418,11_안전보건관리체계_구축_가이드북.txt,59,1500,설치된 훅 해지장치 해제 ➋ 중량물 낙하 위험이 있는 곳에 작업자 배치 ➌ 작업계획서 미작성 ➍ 관리감독자 작업 전 안전점검 미실시 재해예방 대책 ➊ 크레인 등 위험기계 인증제품 사용 및 정기검사 실시 ➋ 설치된 방
chunk_00419,11_안전보건관리체계_구축_가이드북.txt,60,1500,", 2시간 후 탱크로리가 폭발했다. 과산화수소와 수산화나트륨 및 수습과정에서 사용한 황산과 금속성 이물질이 화학작용을 일으킨 것이다. 소방관 140여 명 전체가 출동했지만, 충격은 건물을 관통해 반대편 벽면도 무너 "
chunk_00420,11_안전보건관리체계_구축_가이드북.txt,61,1499,"무색의 기체로 존재하며, 상온·상압에서 자극이 강한 냄새가 나며 눈이나 호흡기, 피부에 닿으면 심한 상처를 유발하는 독성물질 이다. 특히, 액체 암모니아가 누설되면 기체로 변해 고농도의 가스가 되어 흡입 시 사망 할"
chunk_00421,11_안전보건관리체계_구축_가이드북.txt,62,1500,"금속을 부식시켜 수소가스를 발생시킬 수 있고, 고온에서 분해되어 독성가스를 생성할 수 있다. 황산(H2SO4)의 위험성은? 여기서 잠깐 ===== PAGE 148 ===== 147 산업안전전문가 진단 사고 원인 및 "
chunk_00422,11_안전보건관리체계_구축_가이드북.txt,63,353,수립 및 훈련 ===== PAGE 151 ===== 150 memo ===== PAGE 152 ===== 151 ===== PAGE 153 ===== 발    행    일    2021년 8월 기           
chunk_00423,12_안전보건관리체계_자율점검표.txt,1,1500,===== PAGE 1 ===== 중대재해처벌법 대비 안전보건관리체계 구축 자율점검표 「중대재해 처벌 등에 관한 법률」 2022년도 1월 27일부터 50인 이상 사업장에 전면 적용되고 2024년 부터는 5인 이상 사
chunk_00424,12_안전보건관리체계_자율점검표.txt,2,1500,리체계 구축·이행은 안전관리자·보건관리자만의 업무가 아닌 최고책임자와 관리자의 기본적인 업무임을 명확히 한다. 12 안전보건관리규정 등 내부규정에 안전보건과 관련한 업무절차를 정하고 있다. 13 구성원들이 안전보건활
chunk_00425,12_안전보건관리체계_자율점검표.txt,3,1500,"한다. 3 산업재해 및 아차사고를 조사하여 위험요인을 파악한다. 4 동종업체의 산업재해를 조사 및 참고하여 위험요인을 파악한다. 5 파악한 위험요인을 유형별로 정리한다. 6 보유하고 있는 위험기계·기구·설비, 유해·"
chunk_00426,12_안전보건관리체계_자율점검표.txt,4,1499,"로 교육한다. 자가진단 항목 네 아니요 비고 1 위험요인별로 어떤 재해가 발생할 수 있는지를 검토하여 중대재해로 이어질 수 있는 재해요인을 파악한다. 2 발생 가능한 사고의 유형 및 형태, 사고 발생 시 초래될 결과"
chunk_00427,12_안전보건관리체계_자율점검표.txt,5,1499,"10 도급·용역·위탁 업무 시 유해·위험한 작업의 경우 안전작업허가제를 통해 관리하고, 점검반을 구성하여 수시로 안전보건 점검을 실시한다. 11 도급·용역·위탁받은 자가 실시하는 위험성평가, 안전보건교육 등 안전보건"
chunk_00428,12_안전보건관리체계_자율점검표.txt,6,355,가 참고자료 •산업재해 예방을 위한 안전보건관리체계 가이드북(고용노동부 홈페이지→정책자료→정책자료실) 추가 참고자료 •산업재해 예방을 위한 안전보건관리체계 가이드북(고용노동부 홈페이지→정책자료→정책자료실) •위험성평
chunk_00429,13_2023_새로운_위험성평가_안내서.txt,1,1500,===== PAGE 1 ===== 새로운 위험성평가 안내서 2023 2023. 5. 발간등록번호 11-1492000-000993-01 ===== PAGE 2 ===== ◈  이 지침 안내서는 사업장이 스스로 위험성평
chunk_00430,13_2023_새로운_위험성평가_안내서.txt,2,1500,"다시 해야 했습니다. 2019년 작업환경실태조사에 따르면, 위험성평가를 한 번이라도 해본 사업장은 전체 사업장의 35.5%에 불과했습니다. 발간사 ===== PAGE 4 ===== 현장에서  제기되었던  위험성평가의"
chunk_00431,13_2023_새로운_위험성평가_안내서.txt,3,1500,성평가의 핵심 포인트 ……………………… 23 PART Ⅱ 위험성평가의 실시 … 27 01. 위험성평가의 실시 주체 ………………………… 28 02. 위험성평가의 대상 ……………………………… 32 03. 근로자의 참여 
chunk_00432,13_2023_새로운_위험성평가_안내서.txt,4,1500,週) 일(日) 2 ②+③을 갈음하는 새로운 평가 평가 이행확인 및 점검 공유 사전준비 유해·위험요인 파악 위험성 결정 위험성 감소대책 수립 및 실시 공유·기록 ▪ 실시규정 작성 ▪ 담당자·참여자 선정 ▪ 사고사례 수
chunk_00433,13_2023_새로운_위험성평가_안내서.txt,5,1499,및 주요내용 ===== PAGE 9 ===== 업체명 (현장명) ㅇㅇ건설 △△신축공사 위험성평가 실시규정<예시> (최초-상시용) 담당자 (공사담당자) 검토자 (안전관리자) 근로자대표 (작업반장 등) 승인자 (현장소장
chunk_00434,13_2023_새로운_위험성평가_안내서.txt,6,1499,"하청 합동 안전점검회의에서 이행상황을 점검하고 보완 * ‘상’등급 : 작업종료 시까지 매일 확인,  ‘중’등급 : 주 1회 이상 확인 ⑤ 평가결과 공유·교육 ① [TBM]일일 작업 전 안전점검회의 시 위험성평가 결과"
chunk_00435,13_2023_새로운_위험성평가_안내서.txt,7,1497,"파악한 유해 · 위험요인별로 위험성 수준을 결정하고, 「산업안전 보건법」 등에서 정한 것 이상으로 위험성 감소대책 및 이행계획을 마련한다. 주(週) 매주 □요일 • 현장소장 • 평가담당자 • 공사담당자 • 협력업체소"
chunk_00436,13_2023_새로운_위험성평가_안내서.txt,8,1500,위험성 결정 ⑤위험방지대책 ⑥개선조치 담당자 (조치예정일) ➉이행확인 (조치한 경우 √)위험도 등급   상상  등등급급  ::  대대책책  우우선선  순순위위  ::  공공법법변변경경→→작작업업변변경경→→안안전전시시
chunk_00437,13_2023_새로운_위험성평가_안내서.txt,9,1500,..)) 8층 철근 조립 시 개선 지연 사항 2건에 대한 이행 완료 확인 (4.11.) 예예정정일일자자 실실시시일일자자 1.현장소장 2.근로자대표 3.공사과장 4.안전관리자 5.협력업체소장 77일일 88일일 99일일
chunk_00438,13_2023_새로운_위험성평가_안내서.txt,10,1499,험성평가의 인정) ▶ 제23조(위험성평가 지원사업) ▶ 제24조(위험성평가 교육지원) ▶ 제25조(위험성평가 컨설팅지원) 제3장 위험성평가 인정 ▶ 제26조(지원 신청 등) ▶ 제27조(인정사업장 등에 대한 혜택) 
chunk_00439,13_2023_새로운_위험성평가_안내서.txt,11,1499,"얼마나 중대한지(강도), 얼마나 자주 일어 나는지(빈도), 산업재해나 아차사고 사례가 있는지, 근로자의 의견은 어떤지 등을 종합적으로 고려해 보아야 합니다. *  [위험성평가(Risk assessment)_EU OS"
chunk_00440,13_2023_새로운_위험성평가_안내서.txt,12,1500,"의 근로자를 참여시켜야 한다. ③  사업주는 제1항에 따른 평가의 결과와 조치사항을 고용노동부령으로 정하는 바에 따라 기록하여 보존하여야 한다. ④  제1항에 따른 평가의 방법, 절차 및 시기, 그 밖에 필요한 사항"
chunk_00441,13_2023_새로운_위험성평가_안내서.txt,13,1499,위험성평가는 사업주뿐만 아니라 근로자가 참여해야만 현장에서 실제 실행이 가능한 제도입니다. 규제 중심의 산업안전보건정책하에서는 근로자 참여가 없더라도 사업주는 법이 정한 최소한의 요건만을 지키면 문제가 없었습니다. 
chunk_00442,13_2023_새로운_위험성평가_안내서.txt,14,1499,", 안전한 작업환경을 유지하는 조직문화를 구축할 수 있음 ▶ (다양한 도구와 방법론) 다양한 분야에 사용될뿐만 아니라, 위험성분석, 평가를 위한 다양한 도구와 방법론을 활용하여 실시할 수 있음 ▶ (교육과 훈"
chunk_00443,13_2023_새로운_위험성평가_안내서.txt,15,1500,"는 질병을 일으킬 잠재적 가능성이 있는 물질, 설비, 자재 등 어떤 것의 고유한 특징이나 속성(the in - trinsic property or ability of something(e.g. work materia"
chunk_00444,13_2023_새로운_위험성평가_안내서.txt,16,1499,"고정 되어 있는 한편, “위험성”은 개선 조치를 실시하면 줄어들 수 있다는 차이점이 있습니다. *  [예시] 220v의 전기는 감전이라는 고정된 위험을 내재하고 있지만, 전선 피복, 접지, 누전차단기 등과 같은 조치"
chunk_00445,13_2023_새로운_위험성평가_안내서.txt,17,1500,"“절대 영역의 안전”이 없으니, 모든 사업장에서 위험성을 “수용 가능한 위험성”까지 낮출 수만 있다면 가장 이상적일 것입니다. 하지만 사업장에는 기계·설비 등에는 유해·위험요인이 내재되어 있고, 위험성을 감소시킬 수"
chunk_00446,13_2023_새로운_위험성평가_안내서.txt,18,1499,필요한 경우 위험성평가를 다시 실시합니다. 03 위험성평가의 도입 배경 해외 선진국1 ===== PAGE 28 ===== 13Ⅰ- 03. 위험성평가의 도입 배경 ● (활성화) 영국에서도 중 · 소규모 사업장의 산업안
chunk_00447,13_2023_새로운_위험성평가_안내서.txt,19,1499,"업현장이 노후화되고, 숙련된 기술자가 부족한 반면, 고에너지를 활용하는 경우는 늘어나면서 사업장의 자발적 안전활동을 위해 위험성 평가의 실시를 의무화하였습니다. -  기본적인 법적 기준 내에서 사업주가 자율적으로 위"
chunk_00448,13_2023_새로운_위험성평가_안내서.txt,20,1500,"위생법 작업장 안전보건관리 (위험성평가) 시행령 도입 시기 1992년 1996년 2008년 2006년 주요 내용 사업주는 근로자 및 관련자의 안전보건상의 위험을 적절하고 충분히 평가해야 하고, 개선 시 예방원칙에 따"
chunk_00449,13_2023_새로운_위험성평가_안내서.txt,21,1499,"구체적 실시방법을 규정한 ｢사업장 위험성평가에 관한 지침이 제정되었습니다. 그리고 '13.6월, ｢산업안전보건법｢에 별도의 법조항을 신설하며 본격적인 위험성 평가 제도가 도입됩니다. 그간의 규정은 사업주의 포괄적 의"
chunk_00450,13_2023_새로운_위험성평가_안내서.txt,22,1500,"고 이를 평가하여 관리ㆍ개선하는 등 필요한 조치를 하여야 한다. 제 27조(기술상의 지침 및 작업환경의 표준) ① 노동부장관은 제5조제1항 후단, 제23조, 제24조 및 제26조에 따라 사업주가 하여야 할 조치"
chunk_00451,13_2023_새로운_위험성평가_안내서.txt,23,1499,"한다. ③ 사업주는 제1항에 따른 평가의 결과와 조치사항을 고용노동부령으로 정하는 바에 따라 기록하여 보존하여야 한다. ④ 제1항에 따른 평가의 방법, 절차 및 시기, 그 밖에 필요한 사항은 고용노동부장관이 정하여 "
chunk_00452,13_2023_새로운_위험성평가_안내서.txt,24,1500," 매주 안전· 보건관리자 논의 후 매 작업일마다  TBM 실시하는 경우 수시· 정기평가 면제 ▣  근로자 참여 제한 -  유해 · 위험요인 파악, 감소대책 수립,  감소대책 이행시에만 참여 ▣  위험성평가"
chunk_00453,13_2023_새로운_위험성평가_안내서.txt,25,1500,려운 위험성평가를 쉽게 재정의합니다. 기존   ‘위험성평가’의 정의에 재해가 일어날 가능성(빈도)과 중대성(강도)을 추정· 결정하는 과정을 포함하여 이해하기 어려웠습니다. 개선   부상·질병의 가능성과 중대성을 계량
chunk_00454,13_2023_새로운_위험성평가_안내서.txt,26,1499,"든 근로자가 알아야 합니다. 기존   위험성평가 결과 모두 제거되지 않고 남은 위험이 있는 경우에만 근로자에게 알리도록 되어 있었습니다. 개선   위험성평가 결과의 전반을 근로자와 공유하고, 무엇보다 중요한 유해·위"
chunk_00455,13_2023_새로운_위험성평가_안내서.txt,27,1500,"할지, 그 대책을 어떻게 실행할 것인지에 집중하는 것이 중요합니다. 평가 절차와 관련된 사항에 대해 긴 시간 논의만 하다가 유해 · 위험요인을 찾아내고 위험성을 감소시켜 산업재해를 예방하는 위험성평가의 목적을 잃는 "
chunk_00456,13_2023_새로운_위험성평가_안내서.txt,28,1500,지는 작업이기 때문에 일반적으로 도급 사업주는 작업 및 시설에 대한 상세한 정보를 알고 있고 그것을 변경하거나 개선할 수 있는 권한이 있습니다. 그러므로 도급사업주도 위험성평가를 하여 필요한 부분을 개선하여야 하는 
chunk_00457,13_2023_새로운_위험성평가_안내서.txt,29,1500,5조 도급인의 안전 및 보건에 관한 정보제공 등 제66조 도급인의 관계수급인에 대한 시정조치 제3절 건설업 등의 산업재해 예방 제67조 기계·기구 등에 대한 건설공사도급인의 안전조치 ◈ 제8장 근로자 보건관리 제1절
chunk_00458,13_2023_새로운_위험성평가_안내서.txt,30,1498,것이 합리적으로 예견 가능한 모든 유해·위험요인”이 됩니다. ● 이 때 “업무 중”이란 매일 같은 장소에서 반복하는 작업 외에도 임시·수시로 하는 작업을 포함합니다. 오히려 비정형·임시·수시 작업의 경우 근로자들이 
chunk_00459,13_2023_새로운_위험성평가_안내서.txt,31,1499,"벨트에 옷자락이 끼이는 사고, 바닥이 미끄러워 넘어질 뻔한 사고, 높은 곳의 적재물이 떨어질 뻔한 사고 등을 예로 들 수 있습니다. * [아차사고 사례] ① A형 사다리에서 내려오다 발이 미끄러져 넘어질 뻔한 사고 "
chunk_00460,13_2023_새로운_위험성평가_안내서.txt,32,1500,"는 별개로, 해당 유해·위험요인에 대한 위험성평가를 다시 실시함으로써 위험성평가에 오류가 없었는지 살펴봅니다. ● 또한, 나머지 전체 유해·위험요인에 대해서 위험성평가가 제대로 되어 있는지 점검 하기 위한 위험성 재"
chunk_00461,13_2023_새로운_위험성평가_안내서.txt,33,1500,"지 낮은지 판단하는 기준을 마련할 때는 반드시 근로자가 참여하여야 합니다. ● 또한, 사업장에서 허용 가능한 위험성의 수준이 어떤 수준인지를 결정할 때에도 위험에 직접 노출되는 근로자들의 참여가 필수적입니다. 고시 "
chunk_00462,13_2023_새로운_위험성평가_안내서.txt,34,1499,"근로자는 위험성평가를 가장 효과적으로 수행할 수 있게 하는“사업장의 유해·위험요인을 가장 잘 아는 근로자”로 상정하고 있습니다. 근로자 참여의 범위와 방법을 일률적이고 구체적으로 규정하게 되면,정해진 참여 방법"
chunk_00463,13_2023_새로운_위험성평가_안내서.txt,35,1499,위험성평가의 수행체계 관련 규정 제 7조(위험성평가의 방법)① 사업주는 다음과 같은 방법으로 위험성평가를 실시하여야 한다. 1.  안전보건관리책임자 등 해당 사업장에서 사업의 실시를 총괄 관리하는 사람에게 위험성
chunk_00464,13_2023_새로운_위험성평가_안내서.txt,36,1500,"을 관리하고 내용과 결과를 분석합니다. TIP 안전보건관리자 선임의무가 없거나 위탁관리하는 사업장은? 안전관리자 등의 업무를 외부 전문기관에 위탁을 주거나,안전관리자 등의 선임의무가 없는 중·소규모 사업장의"
chunk_00465,13_2023_새로운_위험성평가_안내서.txt,37,1500,전 · 보건주체별 역할 제 15조(안전보건관리책임자)① 사업주는 사업장을 실질적으로 총괄하여 관리하는 사람에게 해당 사업장의 다음 각 호의 업무를 총괄하여 관리하도록 하여야 한다. 9. 그 밖에 근로자의 유해·위
chunk_00466,13_2023_새로운_위험성평가_안내서.txt,38,1499,제36조에 따른 위험성평가에 관한 보좌 및 지도·조언 제 62조(안전보건총괄책임자)① 도급인은 관계수급인 근로자가 도급인의 사업장에서 작업을 하는 경우 에는 그 사업장의 안전보건관리책임자를 도급인의 근로자와 관계
chunk_00467,13_2023_새로운_위험성평가_안내서.txt,39,1498,"③ 위험성 수준 3단계(저 ·중·고) 판단법, ④ 핵심요인 기술법 등이 있습니다. ● 기존에는 위험성평가를 할 때 위험 가능성과 중대성을 조합한 빈도 · 강도법만을 사용 하도록 하였습니다. 위험의 가능성과 중대성을 "
chunk_00468,13_2023_새로운_위험성평가_안내서.txt,40,1499,작성한다) 가. 򰨺리스트(Check List) 나. 상대위험순위 결정(Dow and Mond Indices) 다. 작업자 실수 분석(HEA) 라. 사고 예상 질문 분석(What-if) 마. 위험과 운전 분석(HAZO
chunk_00469,13_2023_새로운_위험성평가_안내서.txt,41,1500,"나타나는지”를 파악합니다. ● 평가항목을 작성할 때는 위험한 상황에 노출되는 현장 근로자의 아차사고, 위험을 느꼈던 순간 등 경험을 반영하도록 하고, 우리 사업장의 안전보건자료 등도 참고할 수 있습니다. ※ 위험성평"
chunk_00470,13_2023_새로운_위험성평가_안내서.txt,42,1500,"상 : 자동차 부품 가공공정 ◎ 평가자 : 박관리, 정감독 ===== PAGE 64 ===== 49 체크리스트법을 적용한 결과서(기록) 예시예시 ■  ①-1평가대상:  비계설치공사                    "
chunk_00471,13_2023_새로운_위험성평가_안내서.txt,43,1499,"수립 시 활용(선택적 사항) Ⅱ- 04. 위험성평가의 방법 ===== PAGE 65 ===== Ⅱ. 위험성평가의 실시 50 나. 위험성 수준 3단계 판단법 정 의 ● 위험성 수준 3단계 판단법은, 위험성 결정을 위해"
chunk_00472,13_2023_새로운_위험성평가_안내서.txt,44,1500,"고 그 중 ‘하’의 위험도만 허용 가능한 수준으로 보기로 사전에 결정하였다면, -  어떤 기계를 작동할 때의 위험성이 ‘상’으로 분류되었을 때 허용 불가능한 위험성의 수준이므로 신속히 위험성을 ‘하’로 낮추기 위한 "
chunk_00473,13_2023_새로운_위험성평가_안내서.txt,45,1500,5 ‘23. 3.15 김반장 규칙 제43조 (개구부) 제44조 (안전대의 부착설비등) 제35조 (관리감독자의 유해·위험방지 업무) 2 비계 조립 작업 중 강관 등 자재가 떨어져 이동하는 근로자에게 맞음 위험 □ □ 
chunk_00474,13_2023_새로운_위험성평가_안내서.txt,46,1500,의 잠재적 부정적 결과가 나타나는지”를 파악합니다. 어떤 유해·위험요인이 있는가? 누가 어떻게 피해를 입는가? 정비 중인 컨베이어 지게차 운전 유해 · 위험요인 파악 기록 예시 1 ===== PAGE 70 =====
chunk_00475,13_2023_새로운_위험성평가_안내서.txt,47,1500,"수 있습니다. ● 기존 시행대책의 효과를 검토하고, 추가적인 조치가 필요한지를 살펴보는 단계입니다. ● 사전준비 단계에서 결정한 허용 가능한 위험성의 수준과 비교하고 기존에 시행하고 있던 대책이 근로자를 적절히 보호"
chunk_00476,13_2023_새로운_위험성평가_안내서.txt,48,1500,"자), 정작업(근로자) ①-1) 어떤 유해·위험 요인이 있는가? ①-2)유해·위험요인 파악 (위험한 상황과 결과) ②-1) 현재 시행중인 조치는 무엇인가? ②-2) 추가적으로 필요한 조치는 무엇인가? ③누가 언제까지"
chunk_00477,13_2023_새로운_위험성평가_안내서.txt,49,1500,"예산, 사업장 여건을 고려하여 개선일정 계획과 조치 담당자 지정 ④ 관련근거 : 파악된 유해·위험요인과 관련된 법령 및 기준을 기록하여 개선대책 수립 시 활용(선택적 사항) ===== PAGE 74 ===== 59 "
chunk_00478,13_2023_새로운_위험성평가_안내서.txt,50,1500,"를 곱하여 그 크기를 구합니다. *   유해·위험요인에 대한 노출빈도, 노출시간, 피해 사건의 발생 확률 등을 고려하여 추정한 크기 ** 위험한 사건으로 인한 결과로 누구에게 얼마나 큰 피해가 있었는지를 나타내는 척"
chunk_00479,13_2023_새로운_위험성평가_안내서.txt,51,1500,위험성 개선 예정일 개선 완료일 담당자 ①관련근거 (선택사항)위험분류 위험발생 상황 및 결과 가능성 (빈도) 중대성 (강도) 위험성 원자재 보관 기계적 요인 원자재 창고 출입구에 적재물이 쌓여있어 지게차 운행 중 보
chunk_00480,13_2023_새로운_위험성평가_안내서.txt,52,1500,"험성평가의 실시 시기 관련 규정 제 15조(위험성평가의 실시 시기) ① 사업주는 사업이 성립된 날(사업 개시일을 말하며, 건설업의 경우 실착공일을 말한다)로부터 1개월이 되는 날까지 제5조의2제1항에 따라 위험성 "
chunk_00481,13_2023_새로운_위험성평가_안내서.txt,53,1500,장의 안전·보건관련 관리자 등을 포함한다)을 중심으로 제1호의 결과 등을 논의·공유하고 이행상황을 점검할 것 3.  매 작업일마다 제1호와 제2호의 실시결과에 따라 근로자가 준수하여야 할 사항 및 주의 하여야 할 사
chunk_00482,13_2023_새로운_위험성평가_안내서.txt,54,1499,"시 66 * [수시평가를 하여야 하는 경우] ① 사업장 건설물의 설치·이전·변경 또는 해체 ② 기계·기구, 설비, 원재료 등의 신규 도입 또는 변경 ③ 건설물, 기계·기구, 설비 등의 정비 또는 보수 ④ 작업방법 또"
chunk_00483,13_2023_새로운_위험성평가_안내서.txt,55,1500,"삼을	수도	있습니다. 상시평가(수시평가,	정기평가를	실시한	것으로	간주) ● 상시평가는 유해·위험요인이 자주 변동하여 일일이 수시평가를 실시하기 어려운 경우가 있어 도입한 제도로서, 상시평가를 실시하는 경우에도 최초"
chunk_00484,13_2023_새로운_위험성평가_안내서.txt,56,1500,담당 관리감독자에게 전달내용 카톡 발송 필수 ● 1차 안전점검회의 → 5월 위험성평가 결과 정리 및 공유 & 근로자 전달방안 논의 ● 2차 안전점검회의 → 5월 위험성평가 결과 조치사항 점검 ● 3차 안전점검회의 →
chunk_00485,13_2023_새로운_위험성평가_안내서.txt,57,1500,다. 아차사고는 중대재해로 이어질 수 있는 중요한 징후입니다. 아차사고 제보·제안 제도를 반드시 활용하여 유해·위험요인을 파악하여야 합니다. Ⅱ- 05. 위험성평가의 시기 ===== PAGE 85 ===== Ⅱ. 위
chunk_00486,13_2023_새로운_위험성평가_안내서.txt,58,1499,등을 통해 매주 위험성평가 결과 공유·점검회의에서 논의된 사항을 공유합니다. -  안전·보건 관련 담당자들은 작업 전 안전점검회의를 담당하는 작업반장·팀장들에게 작업일마다 안전점검회의 중점사항을 전달합니다. 여기에는
chunk_00487,13_2023_새로운_위험성평가_안내서.txt,59,835,(사업개시일·실착공일)로부터 1개월 이내에 착수하여야 합니다. 최초평가 시에는 사업장의 전체 공정·작업별 유해·위험요인을 빠짐없이 찾아내어 위험성평가를 실시합니다. ● 매월 1회 이상 작업을 수행하는 근로자들을 포함
